time,open,high,low,close,volume,closeTime,assetVolume,trades,buyBaseVolume,ignored
1657526400000 ,1143.37000000 ,1149.82000000 ,1141.55000000 ,1147.13000000 ,92408.54150000 ,1657533599999 ,105790181.26513900 ,101058 ,48439.41680000 ,55454971.86896700 
1657533600000 ,1147.14000000 ,1150.00000000 ,1142.00000000 ,1143.57000000 ,60150.89940000 ,1657540799999 ,68983981.75978700 ,41005 ,29027.47650000 ,33297405.18004500 
1657540800000 ,1143.56000000 ,1161.75000000 ,1130.87000000 ,1136.49000000 ,135288.44230000 ,1657547999999 ,154974739.71977900 ,81957 ,68320.63830000 ,78277358.98127700 
1657548000000 ,1136.49000000 ,1145.41000000 ,1128.56000000 ,1143.68000000 ,110814.53710000 ,1657555199999 ,126215275.45651300 ,69270 ,57300.83880000 ,65269918.77956700 
1657555200000 ,1143.67000000 ,1156.68000000 ,1139.79000000 ,1154.55000000 ,58126.44260000 ,1657562399999 ,66691707.39914600 ,80382 ,31080.92130000 ,35652680.14704500 
1657562400000 ,1154.56000000 ,1156.77000000 ,1136.34000000 ,1141.80000000 ,75382.59750000 ,1657569599999 ,86328149.18895800 ,172932 ,39503.12930000 ,45240621.96895100 
1657569600000 ,1141.80000000 ,1145.28000000 ,1118.00000000 ,1121.71000000 ,117636.78150000 ,1657576799999 ,133662616.94486700 ,135539 ,53062.56750000 ,60305984.46265400 
1657576800000 ,1121.71000000 ,1121.80000000 ,1091.71000000 ,1096.40000000 ,152415.35440000 ,1657583999999 ,168152591.05554800 ,99945 ,77769.77790000 ,85800207.75142500 
1657584000000 ,1096.37000000 ,1098.26000000 ,1083.48000000 ,1091.13000000 ,92768.01860000 ,1657591199999 ,101213508.25064400 ,78374 ,44135.99460000 ,48149888.55561800 
1657591200000 ,1091.13000000 ,1094.32000000 ,1081.55000000 ,1086.15000000 ,82935.31740000 ,1657598399999 ,90242617.74334600 ,53548 ,40349.67510000 ,43901587.65669600 
1657598400000 ,1086.15000000 ,1093.38000000 ,1085.06000000 ,1087.03000000 ,42904.53440000 ,1657605599999 ,46750349.02194400 ,55012 ,21549.38290000 ,23482683.41360500 
1657605600000 ,1087.02000000 ,1087.34000000 ,1062.71000000 ,1069.07000000 ,119973.41610000 ,1657612799999 ,128820147.37136200 ,105771 ,56235.43410000 ,60358122.48341000 
1657612800000 ,1069.07000000 ,1070.71000000 ,1053.76000000 ,1054.59000000 ,136624.59740000 ,1657619999999 ,145253961.83739000 ,79567 ,65831.74930000 ,70002357.78076200 
1657620000000 ,1054.58000000 ,1072.77000000 ,1054.42000000 ,1065.83000000 ,76839.15550000 ,1657627199999 ,81709574.36080300 ,71676 ,38726.74570000 ,41173927.22662800 
1657627200000 ,1065.83000000 ,1082.40000000 ,1065.39000000 ,1067.72000000 ,127273.50550000 ,1657634399999 ,136646698.78979300 ,97246 ,65248.35690000 ,70057067.85418300 
1657634400000 ,1067.72000000 ,1083.49000000 ,1061.78000000 ,1075.89000000 ,128448.88190000 ,1657641599999 ,137965786.45643800 ,103856 ,63178.08240000 ,67859231.93467600 
1657641600000 ,1075.89000000 ,1088.83000000 ,1073.29000000 ,1076.32000000 ,124385.96850000 ,1657648799999 ,134452452.03967900 ,207185 ,63030.92970000 ,68128049.76754800 
1657648800000 ,1076.33000000 ,1076.88000000 ,1033.46000000 ,1041.40000000 ,144517.44010000 ,1657655999999 ,151995650.97247100 ,167321 ,67972.33480000 ,71451420.31074100 
1657656000000 ,1041.41000000 ,1051.67000000 ,1037.55000000 ,1040.81000000 ,68625.92770000 ,1657663199999 ,71685080.88307300 ,61246 ,33827.74620000 ,35327022.17179000 
1657663200000 ,1040.80000000 ,1049.40000000 ,1035.30000000 ,1038.58000000 ,116052.86900000 ,1657670399999 ,121016410.54767800 ,61392 ,54845.42080000 ,57194881.76347800 
1657670400000 ,1038.58000000 ,1048.98000000 ,1035.58000000 ,1047.04000000 ,146323.23750000 ,1657677599999 ,152753271.94979000 ,65882 ,73436.54010000 ,76673357.72912100 
1657677600000 ,1047.04000000 ,1059.62000000 ,1047.04000000 ,1052.34000000 ,100743.86950000 ,1657684799999 ,106185841.02473400 ,53971 ,50700.69620000 ,53431904.98297600 
1657684800000 ,1052.34000000 ,1063.40000000 ,1049.11000000 ,1058.68000000 ,87943.47390000 ,1657691999999 ,92875074.13137800 ,44161 ,45129.02670000 ,47666169.83931000 
1657692000000 ,1058.69000000 ,1072.48000000 ,1055.38000000 ,1069.57000000 ,102511.83840000 ,1657699199999 ,108924649.17956600 ,58161 ,52114.98060000 ,55367324.77159500 
1657699200000 ,1069.57000000 ,1079.54000000 ,1065.70000000 ,1073.83000000 ,121011.82730000 ,1657706399999 ,129957597.22909800 ,152792 ,61012.87600000 ,65517965.72327000 
1657706400000 ,1073.84000000 ,1084.46000000 ,1068.15000000 ,1082.03000000 ,101281.60750000 ,1657713599999 ,108844916.94291100 ,64531 ,53731.90720000 ,57759406.07773200 
1657713600000 ,1082.02000000 ,1103.78000000 ,1006.32000000 ,1041.73000000 ,624338.81180000 ,1657720799999 ,649912885.52988100 ,377787 ,305749.39980000 ,318390524.27558300 
1657720800000 ,1041.73000000 ,1074.79000000 ,1032.80000000 ,1060.21000000 ,248408.55700000 ,1657727999999 ,262098879.48006700 ,173887 ,128332.87810000 ,135387095.64416100 
1657728000000 ,1060.20000000 ,1098.96000000 ,1049.21000000 ,1094.34000000 ,196340.71190000 ,1657735199999 ,211962861.41856500 ,161078 ,103162.38870000 ,111385459.05243400 
1657735200000 ,1094.34000000 ,1094.82000000 ,1075.04000000 ,1076.61000000 ,113774.19650000 ,1657742399999 ,123525903.75627500 ,130418 ,54531.50560000 ,59202864.77717800 
1657742400000 ,1076.61000000 ,1091.93000000 ,1074.39000000 ,1090.36000000 ,57349.59250000 ,1657749599999 ,61973134.84253800 ,52167 ,30248.87350000 ,32687894.61102900 
1657749600000 ,1090.36000000 ,1119.18000000 ,1083.01000000 ,1115.00000000 ,135578.10610000 ,1657756799999 ,149657332.27327500 ,89121 ,72455.37980000 ,79951279.82944300 
1657756800000 ,1115.01000000 ,1127.19000000 ,1109.47000000 ,1113.41000000 ,111273.59090000 ,1657763999999 ,124162408.01499800 ,92746 ,55359.57590000 ,61779915.99787800 
1657764000000 ,1113.40000000 ,1119.35000000 ,1109.00000000 ,1112.71000000 ,89373.92250000 ,1657771199999 ,99500351.38801300 ,48574 ,45520.55350000 ,50675289.68425100 
1657771200000 ,1112.72000000 ,1114.90000000 ,1103.17000000 ,1106.15000000 ,65917.92920000 ,1657778399999 ,73090441.21057300 ,58128 ,31932.29950000 ,35412535.66091600 
1657778400000 ,1106.15000000 ,1107.39000000 ,1093.30000000 ,1097.58000000 ,95553.29100000 ,1657785599999 ,105066069.89552800 ,73077 ,44826.85880000 ,49287239.25675300 
1657785600000 ,1097.57000000 ,1100.71000000 ,1077.12000000 ,1089.04000000 ,93194.02730000 ,1657792799999 ,101356088.96976800 ,65672 ,43865.83680000 ,47710705.39842600 
1657792800000 ,1089.05000000 ,1092.23000000 ,1072.11000000 ,1081.27000000 ,103177.80820000 ,1657799999999 ,111754835.21978700 ,127500 ,50187.23460000 ,54360911.77356500 
1657800000000 ,1081.26000000 ,1091.25000000 ,1072.80000000 ,1084.65000000 ,153089.91070000 ,1657807199999 ,165773616.07624100 ,155366 ,75884.96150000 ,82168267.98280400 
1657807200000 ,1084.66000000 ,1147.97000000 ,1078.41000000 ,1140.95000000 ,250647.41320000 ,1657814399999 ,279142637.05788400 ,241095 ,133425.19580000 ,148649800.97729300 
1657814400000 ,1140.96000000 ,1199.95000000 ,1133.14000000 ,1195.78000000 ,300522.95480000 ,1657821599999 ,348248039.38646300 ,352993 ,160842.00540000 ,186547852.67982900 
1657821600000 ,1195.78000000 ,1214.65000000 ,1187.35000000 ,1194.04000000 ,189738.71260000 ,1657828799999 ,227216451.19504100 ,230535 ,97281.79570000 ,116526043.16362900 
1657828800000 ,1194.05000000 ,1201.35000000 ,1180.60000000 ,1182.11000000 ,80486.62230000 ,1657835999999 ,95909022.55112200 ,112238 ,42723.52070000 ,50905207.17430800 
1657836000000 ,1182.10000000 ,1196.99000000 ,1180.61000000 ,1193.42000000 ,72125.74350000 ,1657843199999 ,85709121.76746400 ,53497 ,37817.42650000 ,44943674.67215600 
1657843200000 ,1193.42000000 ,1212.46000000 ,1181.05000000 ,1209.54000000 ,100002.73720000 ,1657850399999 ,119211495.00446900 ,62953 ,51395.65080000 ,61286670.56663100 
1657850400000 ,1209.55000000 ,1222.92000000 ,1190.99000000 ,1199.92000000 ,136250.20610000 ,1657857599999 ,164590608.62620000 ,91454 ,64063.27520000 ,77354270.54282800 
1657857600000 ,1199.93000000 ,1210.81000000 ,1189.79000000 ,1207.73000000 ,110600.83890000 ,1657864799999 ,132619031.29519600 ,67397 ,53414.53720000 ,64042042.38220100 
1657864800000 ,1207.73000000 ,1217.96000000 ,1193.58000000 ,1211.85000000 ,92106.67120000 ,1657871999999 ,111191932.29659400 ,77997 ,46552.63430000 ,56208259.29901600 
1657872000000 ,1211.86000000 ,1230.00000000 ,1203.28000000 ,1218.79000000 ,143154.09800000 ,1657879199999 ,174321068.55623800 ,103525 ,73229.14850000 ,89189794.63678300 
1657879200000 ,1218.80000000 ,1228.50000000 ,1210.88000000 ,1211.10000000 ,87815.47320000 ,1657886399999 ,107044339.17211200 ,67479 ,41974.00000000 ,51167776.69709400 
1657886400000 ,1211.10000000 ,1236.00000000 ,1207.50000000 ,1221.74000000 ,189061.89550000 ,1657893599999 ,231179755.68195900 ,135578 ,94446.72750000 ,115506880.71313600 
1657893600000 ,1221.75000000 ,1237.58000000 ,1221.74000000 ,1222.13000000 ,123665.61050000 ,1657900799999 ,152054636.93708400 ,110994 ,58921.01540000 ,72446323.04294000 
1657900800000 ,1222.13000000 ,1235.29000000 ,1203.72000000 ,1221.58000000 ,127556.48190000 ,1657907999999 ,155497321.84322800 ,120809 ,57214.55310000 ,69758497.19320600 
1657908000000 ,1221.59000000 ,1270.42000000 ,1220.84000000 ,1266.33000000 ,164254.89940000 ,1657915199999 ,205460536.19515900 ,148370 ,94557.41670000 ,118332372.63893600 
1657915200000 ,1266.33000000 ,1287.82000000 ,1242.30000000 ,1256.57000000 ,133866.39010000 ,1657922399999 ,169382246.83210800 ,125400 ,69708.45490000 ,88244794.77369000 
1657922400000 ,1256.57000000 ,1259.20000000 ,1227.42000000 ,1231.25000000 ,57701.95640000 ,1657929599999 ,71505756.34417400 ,58676 ,24919.79390000 ,30870989.47931600 
1657929600000 ,1231.25000000 ,1235.24000000 ,1209.42000000 ,1220.17000000 ,71145.81610000 ,1657936799999 ,86803533.81292100 ,68257 ,34211.46770000 ,41729739.93270500 
1657936800000 ,1220.18000000 ,1224.72000000 ,1209.51000000 ,1222.16000000 ,41006.61740000 ,1657943999999 ,49948089.31442700 ,47086 ,21660.43970000 ,26384364.73480000 
1657944000000 ,1222.16000000 ,1223.15000000 ,1204.00000000 ,1206.76000000 ,82008.87450000 ,1657951199999 ,99505350.31350000 ,52665 ,49696.30690000 ,60254771.30993200 
1657951200000 ,1206.76000000 ,1210.53000000 ,1191.23000000 ,1197.30000000 ,69633.70250000 ,1657958399999 ,83598985.93871100 ,71560 ,31600.73590000 ,37944132.59511800 
1657958400000 ,1197.30000000 ,1206.55000000 ,1194.35000000 ,1197.20000000 ,38034.76380000 ,1657965599999 ,45614751.85852600 ,38299 ,18658.43280000 ,22376004.43554500 
1657965600000 ,1197.19000000 ,1205.35000000 ,1193.22000000 ,1197.92000000 ,36628.52660000 ,1657972799999 ,43945589.16748100 ,39123 ,16623.85100000 ,19943387.53475800 
1657972800000 ,1197.91000000 ,1237.35000000 ,1196.00000000 ,1234.67000000 ,108545.88420000 ,1657979999999 ,132502678.36690500 ,96684 ,55179.64050000 ,67320181.19162200 
1657980000000 ,1234.67000000 ,1277.02000000 ,1231.56000000 ,1274.33000000 ,162713.25810000 ,1657987199999 ,203962675.05278200 ,292712 ,93966.08050000 ,117844548.84240100 
1657987200000 ,1274.34000000 ,1422.91000000 ,1272.21000000 ,1328.14000000 ,562054.34500000 ,1657994399999 ,758766758.28661800 ,588715 ,295874.10840000 ,399031719.73701600 
1657994400000 ,1328.14000000 ,1357.74000000 ,1324.49000000 ,1336.23000000 ,130285.02630000 ,1658001599999 ,174400009.37596000 ,195227 ,66518.77260000 ,89064749.20398900 
1658001600000 ,1336.23000000 ,1363.10000000 ,1314.60000000 ,1345.29000000 ,110126.44670000 ,1658008799999 ,147202189.77703800 ,117512 ,56229.24250000 ,75184387.78469200 
1658008800000 ,1345.29000000 ,1361.21000000 ,1338.29000000 ,1355.85000000 ,81626.66140000 ,1658015999999 ,110277288.06062200 ,70689 ,37448.33160000 ,50579155.05192900 
1658016000000 ,1355.84000000 ,1387.00000000 ,1328.17000000 ,1338.72000000 ,128322.14500000 ,1658023199999 ,174279276.02866300 ,117970 ,61137.59230000 ,83098728.70639500 
1658023200000 ,1338.72000000 ,1366.81000000 ,1335.91000000 ,1353.60000000 ,66741.79330000 ,1658030399999 ,90114768.58291200 ,79613 ,34755.94280000 ,46918402.24475700 
1658030400000 ,1353.61000000 ,1363.58000000 ,1347.14000000 ,1351.76000000 ,70397.62640000 ,1658037599999 ,95433179.81828200 ,71654 ,36744.15650000 ,49822847.36575600 
1658037600000 ,1351.76000000 ,1377.56000000 ,1350.68000000 ,1361.67000000 ,93175.33480000 ,1658044799999 ,127239509.77084300 ,92610 ,49024.07570000 ,66942765.54730100 
1658044800000 ,1361.66000000 ,1376.54000000 ,1354.54000000 ,1356.45000000 ,98397.53280000 ,1658051999999 ,134109714.38132600 ,79938 ,52146.72470000 ,71069176.73572900 
1658052000000 ,1356.45000000 ,1367.00000000 ,1337.32000000 ,1363.48000000 ,100064.04450000 ,1658059199999 ,135272500.46541400 ,89141 ,52883.19310000 ,71502560.64456700 
1658059200000 ,1363.47000000 ,1367.00000000 ,1330.83000000 ,1339.01000000 ,148880.41300000 ,1658066399999 ,200878456.66492700 ,127991 ,69417.12770000 ,93712364.98428400 
1658066400000 ,1339.01000000 ,1358.00000000 ,1338.28000000 ,1351.95000000 ,73712.31480000 ,1658073599999 ,99536422.33885400 ,76589 ,37790.54470000 ,51032142.95004000 
1658073600000 ,1351.96000000 ,1382.29000000 ,1319.04000000 ,1327.48000000 ,217106.33410000 ,1658080799999 ,294258431.49226000 ,174587 ,102646.30720000 ,139247100.95566800 
1658080800000 ,1327.49000000 ,1353.31000000 ,1322.53000000 ,1347.90000000 ,102533.83730000 ,1658087999999 ,137121955.83621100 ,106606 ,53188.43740000 ,71154710.52393400 
1658088000000 ,1347.89000000 ,1368.51000000 ,1339.47000000 ,1365.59000000 ,72930.12450000 ,1658095199999 ,98704299.85393800 ,75293 ,38166.99330000 ,51643959.32972900 
1658095200000 ,1365.58000000 ,1376.00000000 ,1335.27000000 ,1338.65000000 ,73941.37900000 ,1658102399999 ,100115862.46479000 ,71601 ,38507.78380000 ,52144792.87611000 
1658102400000 ,1338.65000000 ,1364.50000000 ,1336.07000000 ,1359.67000000 ,78606.71800000 ,1658109599999 ,106396011.40716600 ,72226 ,44934.23200000 ,60835199.70351600 
1658109600000 ,1359.68000000 ,1421.43000000 ,1358.73000000 ,1406.51000000 ,211815.10740000 ,1658116799999 ,296091225.35215500 ,173492 ,122005.79340000 ,170531391.30551200 
1658116800000 ,1406.50000000 ,1450.00000000 ,1393.84000000 ,1433.57000000 ,195475.06970000 ,1658123999999 ,278475654.13221200 ,166386 ,104345.17180000 ,148700233.30430200 
1658124000000 ,1433.56000000 ,1475.66000000 ,1427.00000000 ,1467.13000000 ,210828.66300000 ,1658131199999 ,306273121.45459900 ,157386 ,111225.98270000 ,161607089.09190600 
1658131200000 ,1467.14000000 ,1497.22000000 ,1462.57000000 ,1484.23000000 ,195287.63010000 ,1658138399999 ,288857788.86945300 ,156496 ,97029.19830000 ,143557279.53124500 
1658138400000 ,1484.23000000 ,1509.91000000 ,1465.40000000 ,1479.08000000 ,197898.57031000 ,1658145599999 ,294056870.52951800 ,161555 ,100370.62801000 ,149234805.25916900 
1658145600000 ,1479.08000000 ,1493.03000000 ,1452.52000000 ,1475.02000000 ,150069.66610000 ,1658152799999 ,221658924.48272000 ,145094 ,72376.80290000 ,106917993.52160300 
1658152800000 ,1475.03000000 ,1529.72000000 ,1464.15000000 ,1521.35000000 ,137406.41520000 ,1658159999999 ,204703956.74784500 ,133401 ,76561.73090000 ,114108536.53653300 
1658160000000 ,1521.34000000 ,1530.00000000 ,1466.20000000 ,1469.39000000 ,190396.61840000 ,1658167199999 ,285100985.74117100 ,163763 ,88586.99140000 ,132678615.22595500 
1658167200000 ,1469.40000000 ,1486.00000000 ,1450.00000000 ,1472.30000000 ,138184.74590000 ,1658174399999 ,203062073.35881900 ,127921 ,69813.10050000 ,102636541.05987800 
1658174400000 ,1472.30000000 ,1494.50000000 ,1461.43000000 ,1487.19000000 ,69095.93170000 ,1658181599999 ,102076111.97593300 ,83898 ,37874.98800000 ,55954673.30595900 
1658181600000 ,1487.19000000 ,1597.47000000 ,1484.38000000 ,1581.04000000 ,254853.62940000 ,1658188799999 ,393604650.74109400 ,208425 ,142966.78230000 ,220800394.92284100 
1658188800000 ,1581.03000000 ,1631.00000000 ,1525.94000000 ,1527.49000000 ,375879.00160000 ,1658195999999 ,589842856.98115100 ,323823 ,182915.92240000 ,287127636.54612800 
1658196000000 ,1527.48000000 ,1546.69000000 ,1510.94000000 ,1516.24000000 ,163167.03110000 ,1658203199999 ,249147222.25390000 ,151456 ,81889.63110000 ,125014974.31325600 
1658203200000 ,1516.24000000 ,1542.68000000 ,1493.11000000 ,1530.15000000 ,129159.89840000 ,1658210399999 ,196218781.01288300 ,118086 ,66973.44190000 ,101800540.82064000 
1658210400000 ,1530.16000000 ,1541.10000000 ,1498.92000000 ,1510.58000000 ,147024.82960000 ,1658217599999 ,223407525.27730000 ,129406 ,69976.94320000 ,106383719.22912500 
1658217600000 ,1510.59000000 ,1539.25000000 ,1505.75000000 ,1533.22000000 ,89381.87830000 ,1658224799999 ,136528880.91885600 ,90473 ,44646.36480000 ,68193438.68512500 
1658224800000 ,1533.23000000 ,1561.45000000 ,1520.00000000 ,1541.82000000 ,137419.35080000 ,1658231999999 ,211906636.98303100 ,132150 ,72020.49200000 ,111079177.51414400 
1658232000000 ,1541.82000000 ,1577.28000000 ,1539.13000000 ,1559.61000000 ,166232.40950000 ,1658239199999 ,258749113.92491300 ,160359 ,82369.65140000 ,128251919.17076300 
1658239200000 ,1559.62000000 ,1559.93000000 ,1506.41000000 ,1540.44000000 ,220606.17490000 ,1658246399999 ,338339833.03137400 ,219447 ,108865.08750000 ,166935402.76859600 
1658246400000 ,1540.52000000 ,1587.13000000 ,1534.79000000 ,1574.42000000 ,181985.75470000 ,1658253599999 ,284426989.61106500 ,202278 ,95416.92630000 ,149163834.63766200 
1658253600000 ,1574.61000000 ,1589.76000000 ,1558.04000000 ,1560.79000000 ,90498.04570000 ,1658260799999 ,142251664.59285800 ,118660 ,44636.81960000 ,70170433.22903100 
1658260800000 ,1560.78000000 ,1588.10000000 ,1548.17000000 ,1575.67000000 ,59936.28520000 ,1658267999999 ,93910341.04336400 ,82346 ,30747.65920000 ,48180196.46937300 
1658268000000 ,1575.68000000 ,1579.88000000 ,1526.01000000 ,1542.32000000 ,84758.02180000 ,1658275199999 ,131733741.23021400 ,89874 ,38019.78360000 ,59116320.60222800 
1658275200000 ,1542.33000000 ,1548.38000000 ,1510.47000000 ,1539.68000000 ,99778.86960000 ,1658282399999 ,152653750.29678800 ,102020 ,48833.95870000 ,74737110.25406800 
1658282400000 ,1539.69000000 ,1568.42000000 ,1536.27000000 ,1561.72000000 ,66289.12240000 ,1658289599999 ,102831248.26489400 ,72751 ,33743.09120000 ,52342959.54696200 
1658289600000 ,1561.72000000 ,1576.79000000 ,1553.01000000 ,1568.43000000 ,59901.70700000 ,1658296799999 ,93697160.76927200 ,66067 ,28903.17270000 ,45214965.65224800 
1658296800000 ,1568.42000000 ,1579.80000000 ,1528.76000000 ,1531.06000000 ,112452.72330000 ,1658303999999 ,175363084.31566400 ,101405 ,53061.88790000 ,82764837.39896600 
1658304000000 ,1531.05000000 ,1555.21000000 ,1526.67000000 ,1550.47000000 ,82135.06890000 ,1658311199999 ,126465054.95889100 ,84800 ,41968.40280000 ,64626038.10457500 
1658311200000 ,1550.47000000 ,1614.00000000 ,1547.58000000 ,1602.91000000 ,198235.87850000 ,1658318399999 ,314972325.59352800 ,213669 ,109966.14690000 ,174675604.47979500 
1658318400000 ,1602.90000000 ,1620.40000000 ,1583.00000000 ,1589.96000000 ,167013.75260000 ,1658325599999 ,267774428.09922800 ,190145 ,83530.03160000 ,133966494.93198300 
1658325600000 ,1589.97000000 ,1609.74000000 ,1587.71000000 ,1596.53000000 ,91629.36730000 ,1658332799999 ,146570564.25293200 ,113596 ,47626.54870000 ,76182176.68653500 
1658332800000 ,1596.52000000 ,1597.58000000 ,1538.00000000 ,1545.38000000 ,134232.47480000 ,1658339999999 ,209688793.49116000 ,163707 ,59362.34560000 ,92698550.75041000 
1658340000000 ,1545.39000000 ,1576.22000000 ,1545.06000000 ,1551.79000000 ,67066.85260000 ,1658347199999 ,104626967.89876400 ,85338 ,34644.09000000 ,54059493.81146400 
1658347200000 ,1551.79000000 ,1567.09000000 ,1484.23000000 ,1545.36000000 ,204642.76950000 ,1658354399999 ,311101409.59640200 ,224265 ,98349.82280000 ,149537686.66027000 
1658354400000 ,1545.36000000 ,1549.82000000 ,1506.68000000 ,1521.58000000 ,67798.83820000 ,1658361599999 ,103587619.88933300 ,88537 ,32464.44880000 ,49608713.51152200 
1658361600000 ,1521.63000000 ,1554.70000000 ,1515.84000000 ,1530.48000000 ,87254.72690000 ,1658368799999 ,133724208.54810900 ,92362 ,43708.55160000 ,66996894.22609200 
1658368800000 ,1530.47000000 ,1538.58000000 ,1482.23000000 ,1487.96000000 ,111281.08350000 ,1658375999999 ,167191227.49194700 ,114701 ,51755.75780000 ,77736227.14399400 
1658376000000 ,1487.96000000 ,1496.50000000 ,1463.56000000 ,1492.09000000 ,110501.51060000 ,1658383199999 ,163704686.45424200 ,99061 ,54261.97730000 ,80398718.73468700 
1658383200000 ,1492.09000000 ,1497.74000000 ,1470.04000000 ,1488.01000000 ,77798.17990000 ,1658390399999 ,115643703.24388600 ,80023 ,39517.21390000 ,58763029.79382900 
1658390400000 ,1488.01000000 ,1517.08000000 ,1480.82000000 ,1511.19000000 ,113306.08240000 ,1658397599999 ,169696827.11687000 ,92363 ,62700.96940000 ,93936713.58085100 
1658397600000 ,1511.19000000 ,1520.95000000 ,1477.01000000 ,1489.19000000 ,112078.17370000 ,1658404799999 ,168090649.29242300 ,92852 ,53781.71240000 ,80701675.27133300 
1658404800000 ,1489.19000000 ,1515.66000000 ,1484.31000000 ,1504.92000000 ,115548.81520000 ,1658411999999 ,173427147.55317800 ,121166 ,58142.75870000 ,87272273.92986800 
1658412000000 ,1504.93000000 ,1514.77000000 ,1481.11000000 ,1511.01000000 ,91307.04470000 ,1658419199999 ,136884002.53296700 ,102273 ,45541.16320000 ,68302389.76283700 
1658419200000 ,1511.01000000 ,1570.00000000 ,1508.99000000 ,1536.23000000 ,175519.62530000 ,1658426399999 ,271525475.66507600 ,176678 ,93241.89420000 ,144175003.11482800 
1658426400000 ,1536.23000000 ,1580.00000000 ,1533.57000000 ,1578.85000000 ,83686.12040000 ,1658433599999 ,130220260.63754600 ,92465 ,45530.40200000 ,70874394.65011800 
1658433600000 ,1578.84000000 ,1605.98000000 ,1574.72000000 ,1589.32000000 ,97956.01240000 ,1658440799999 ,155662827.28503100 ,124109 ,52964.44480000 ,84174441.01739100 
1658440800000 ,1589.32000000 ,1590.77000000 ,1565.09000000 ,1575.45000000 ,71090.12130000 ,1658447999999 ,112062285.17648800 ,94377 ,34770.78430000 ,54807829.19570300 
1658448000000 ,1575.45000000 ,1595.92000000 ,1569.67000000 ,1576.01000000 ,59829.03140000 ,1658455199999 ,94745013.46103100 ,71439 ,30976.02430000 ,49056828.26800400 
1658455200000 ,1576.01000000 ,1579.00000000 ,1553.10000000 ,1561.45000000 ,53363.81690000 ,1658462399999 ,83516277.58028700 ,61620 ,25700.07080000 ,40216315.00963800 
1658462400000 ,1561.45000000 ,1591.05000000 ,1555.87000000 ,1590.08000000 ,57208.68500000 ,1658469599999 ,90089137.38134900 ,70805 ,29622.51730000 ,46655337.07463600 
1658469600000 ,1590.09000000 ,1614.02000000 ,1586.05000000 ,1601.69000000 ,110772.17440000 ,1658476799999 ,177007104.34057900 ,111745 ,58002.67440000 ,92720098.87606500 
1658476800000 ,1601.69000000 ,1650.05000000 ,1595.12000000 ,1630.59000000 ,204623.08210000 ,1658483999999 ,332564579.54653900 ,199163 ,112368.53470000 ,182672889.02214600 
1658484000000 ,1630.58000000 ,1641.86000000 ,1619.15000000 ,1639.08000000 ,101501.80770000 ,1658491199999 ,165850322.20948100 ,96798 ,49965.96500000 ,81648917.18094100 
1658491200000 ,1639.08000000 ,1644.50000000 ,1597.05000000 ,1599.51000000 ,141702.21260000 ,1658498399999 ,229597507.17411500 ,145284 ,66937.09100000 ,108505315.16243700 
1658498400000 ,1599.51000000 ,1617.26000000 ,1569.05000000 ,1574.91000000 ,144935.74500000 ,1658505599999 ,230949846.53520100 ,178485 ,73593.43380000 ,117331738.33557500 
1658505600000 ,1574.90000000 ,1591.99000000 ,1558.21000000 ,1569.36000000 ,97073.37000000 ,1658512799999 ,152795211.00562300 ,119259 ,48888.56310000 ,76969849.14650000 
1658512800000 ,1569.36000000 ,1579.15000000 ,1519.65000000 ,1526.20000000 ,102532.74000000 ,1658519999999 ,159018983.17762000 ,117091 ,46559.44410000 ,72252780.84526000 
1658520000000 ,1526.21000000 ,1543.11000000 ,1516.11000000 ,1538.51000000 ,63233.86490000 ,1658527199999 ,96737067.99107100 ,76341 ,32145.32750000 ,49187665.71623400 
1658527200000 ,1538.51000000 ,1544.54000000 ,1529.00000000 ,1535.27000000 ,33946.55730000 ,1658534399999 ,52165131.88177400 ,47869 ,15500.11130000 ,23820188.16900400 
1658534400000 ,1535.27000000 ,1557.00000000 ,1523.45000000 ,1552.04000000 ,52329.13540000 ,1658541599999 ,80772948.82138900 ,68402 ,26905.72940000 ,41525747.45584300 
1658541600000 ,1552.05000000 ,1580.00000000 ,1550.65000000 ,1571.00000000 ,60002.21150000 ,1658548799999 ,94117502.52640300 ,69374 ,30745.64350000 ,48222239.77384500 
1658548800000 ,1571.01000000 ,1596.51000000 ,1564.28000000 ,1581.11000000 ,73601.77380000 ,1658555999999 ,116475074.25844600 ,79317 ,38957.97050000 ,61639756.00368000 
1658556000000 ,1581.10000000 ,1592.49000000 ,1567.58000000 ,1578.35000000 ,51242.93930000 ,1658563199999 ,80940745.44226400 ,62534 ,23851.90230000 ,37680415.49659700 
1658563200000 ,1578.35000000 ,1588.35000000 ,1546.27000000 ,1560.36000000 ,82475.88700000 ,1658570399999 ,129097597.02801800 ,87522 ,39993.40540000 ,62597923.25129600 
1658570400000 ,1560.36000000 ,1564.29000000 ,1519.00000000 ,1522.19000000 ,102382.85170000 ,1658577599999 ,157283289.59289500 ,104502 ,49102.15360000 ,75447486.12243700 
1658577600000 ,1522.19000000 ,1537.30000000 ,1501.65000000 ,1532.92000000 ,76620.44360000 ,1658584799999 ,116548985.22644100 ,88465 ,39411.23020000 ,59980286.32607200 
1658584800000 ,1532.92000000 ,1535.97000000 ,1509.21000000 ,1523.67000000 ,65729.44080000 ,1658591999999 ,100167027.86333900 ,76212 ,30714.59120000 ,46814708.88131800 
1658592000000 ,1523.67000000 ,1532.99000000 ,1494.63000000 ,1501.29000000 ,108123.84480000 ,1658599199999 ,163593779.63655900 ,101679 ,51386.50440000 ,77786771.29712400 
1658599200000 ,1501.29000000 ,1516.35000000 ,1488.00000000 ,1513.33000000 ,78481.67830000 ,1658606399999 ,117976459.16031800 ,85806 ,39543.96480000 ,59461905.81540300 
1658606400000 ,1513.25000000 ,1529.05000000 ,1511.56000000 ,1516.39000000 ,37695.82050000 ,1658613599999 ,57319536.14131100 ,48624 ,20460.72050000 ,31112243.62911100 
1658613600000 ,1516.39000000 ,1555.26000000 ,1515.31000000 ,1548.67000000 ,62598.70720000 ,1658620799999 ,96671624.49209500 ,78228 ,32020.17500000 ,49442745.19971300 
1658620800000 ,1548.66000000 ,1577.24000000 ,1545.67000000 ,1560.89000000 ,75075.83090000 ,1658627999999 ,117305403.63788000 ,108489 ,38614.45340000 ,60365444.42999600 
1658628000000 ,1560.90000000 ,1567.93000000 ,1545.75000000 ,1551.51000000 ,32968.23770000 ,1658635199999 ,51348703.89988100 ,56366 ,16781.21710000 ,26136012.00812500 
1658635200000 ,1551.51000000 ,1608.55000000 ,1546.90000000 ,1601.33000000 ,119752.23850000 ,1658642399999 ,190088922.75022800 ,148937 ,61115.72680000 ,96965636.30617200 
1658642400000 ,1601.33000000 ,1619.99000000 ,1600.12000000 ,1604.44000000 ,89566.51250000 ,1658649599999 ,144234727.79372200 ,130824 ,46835.73130000 ,75426319.56120100 
1658649600000 ,1604.44000000 ,1613.60000000 ,1594.00000000 ,1598.00000000 ,66042.63240000 ,1658656799999 ,105869186.67638000 ,76635 ,30023.36040000 ,48135440.75264000 
1658656800000 ,1598.00000000 ,1628.86000000 ,1580.00000000 ,1615.85000000 ,99328.63650000 ,1658663999999 ,159485346.80062800 ,109716 ,48324.16640000 ,77686831.44530100 
1658664000000 ,1615.84000000 ,1620.43000000 ,1573.00000000 ,1581.78000000 ,97556.94150000 ,1658671199999 ,155331517.90287600 ,98588 ,44932.66900000 ,71526757.23106700 
1658671200000 ,1581.79000000 ,1621.42000000 ,1573.86000000 ,1612.61000000 ,90759.07940000 ,1658678399999 ,145714663.78112400 ,96471 ,47166.06400000 ,75704222.61074600 
1658678400000 ,1612.61000000 ,1615.38000000 ,1583.51000000 ,1603.73000000 ,75696.72350000 ,1658685599999 ,121068594.93409500 ,85064 ,37709.55020000 ,60305028.09224900 
1658685600000 ,1603.73000000 ,1614.95000000 ,1590.72000000 ,1602.76000000 ,40679.33280000 ,1658692799999 ,65175554.05842400 ,58542 ,20734.95410000 ,33219012.62553500 
1658692800000 ,1602.75000000 ,1634.20000000 ,1598.87000000 ,1622.00000000 ,55753.42310000 ,1658699999999 ,90059962.49179400 ,76788 ,32379.75190000 ,52308567.83926600 
1658700000000 ,1622.00000000 ,1664.34000000 ,1589.01000000 ,1597.70000000 ,166756.31090000 ,1658707199999 ,270606492.90184300 ,192102 ,87201.60150000 ,141651372.44034200 
1658707200000 ,1597.70000000 ,1609.55000000 ,1535.00000000 ,1544.40000000 ,130267.73130000 ,1658714399999 ,203820815.50144200 ,132749 ,60972.12910000 ,95425191.64080100 
1658714400000 ,1544.41000000 ,1544.41000000 ,1498.95000000 ,1511.51000000 ,191535.13090000 ,1658721599999 ,291400035.45050000 ,142008 ,95859.17500000 ,145871525.48599900 
1658721600000 ,1511.51000000 ,1529.84000000 ,1499.45000000 ,1528.01000000 ,91272.44330000 ,1658728799999 ,138541770.98615700 ,109157 ,45854.72940000 ,69599955.10900100 
1658728800000 ,1528.00000000 ,1529.12000000 ,1514.45000000 ,1522.12000000 ,60085.01420000 ,1658735999999 ,91484353.06762100 ,69141 ,29894.71490000 ,45522197.32555300 
1658736000000 ,1522.12000000 ,1543.99000000 ,1510.70000000 ,1535.49000000 ,86154.14570000 ,1658743199999 ,132029429.18200500 ,91617 ,38649.72140000 ,59225054.35949100 
1658743200000 ,1535.49000000 ,1553.79000000 ,1532.17000000 ,1537.50000000 ,65593.72880000 ,1658750399999 ,101231878.39063100 ,71709 ,31986.24300000 ,49370762.94615700 
1658750400000 ,1537.49000000 ,1538.65000000 ,1506.70000000 ,1521.76000000 ,120937.27960000 ,1658757599999 ,184422334.88935200 ,121222 ,58983.01030000 ,89943866.38656000 
1658757600000 ,1521.77000000 ,1532.00000000 ,1502.21000000 ,1526.03000000 ,117214.27080000 ,1658764799999 ,177842618.65644600 ,116028 ,60638.13720000 ,92019935.81700500 
1658764800000 ,1526.02000000 ,1534.94000000 ,1511.44000000 ,1513.86000000 ,67554.78770000 ,1658771999999 ,102997327.94557300 ,75784 ,33461.75390000 ,51017137.14411400 
1658772000000 ,1513.86000000 ,1523.32000000 ,1455.17000000 ,1495.00000000 ,161406.11150000 ,1658779199999 ,239960568.06354200 ,159182 ,74372.44580000 ,110561994.34786200 
1658779200000 ,1495.00000000 ,1538.51000000 ,1492.01000000 ,1514.02000000 ,147192.55380000 ,1658786399999 ,223896698.05504200 ,141532 ,77572.41080000 ,117986318.13342000 
1658786400000 ,1514.02000000 ,1514.89000000 ,1435.58000000 ,1440.79000000 ,179177.78330000 ,1658793599999 ,263596908.62835000 ,177519 ,82553.22280000 ,121456460.27683000 
1658793600000 ,1440.79000000 ,1450.00000000 ,1412.15000000 ,1420.23000000 ,172437.15390000 ,1658800799999 ,246228518.44126000 ,161631 ,83461.66690000 ,119188071.02568600 
1658800800000 ,1420.23000000 ,1438.16000000 ,1400.46000000 ,1433.05000000 ,118078.68560000 ,1658807999999 ,167910947.04892200 ,107228 ,54442.13860000 ,77406531.62495000 
1658808000000 ,1433.04000000 ,1438.30000000 ,1420.60000000 ,1426.78000000 ,83686.00520000 ,1658815199999 ,119613521.91545600 ,71633 ,40470.06430000 ,57839066.74934600 
1658815200000 ,1426.79000000 ,1427.30000000 ,1406.68000000 ,1409.46000000 ,80934.36830000 ,1658822399999 ,114843612.21493400 ,71239 ,41494.00560000 ,58883119.24121800 
1658822400000 ,1409.46000000 ,1423.97000000 ,1403.94000000 ,1419.11000000 ,51477.20310000 ,1658829599999 ,72795240.11006600 ,56275 ,26356.12700000 ,37276589.56843300 
1658829600000 ,1419.11000000 ,1422.98000000 ,1385.08000000 ,1406.33000000 ,68171.75770000 ,1658836799999 ,95847740.33942900 ,71031 ,31195.28860000 ,43873318.86492300 
1658836800000 ,1406.33000000 ,1420.39000000 ,1369.29000000 ,1389.12000000 ,148166.43100000 ,1658843999999 ,205967579.25248300 ,135404 ,70975.82930000 ,98702133.72504800 
1658844000000 ,1389.11000000 ,1396.92000000 ,1363.87000000 ,1368.68000000 ,106719.45840000 ,1658851199999 ,147382752.61083800 ,102008 ,51999.45140000 ,71828832.50822100 
1658851200000 ,1368.67000000 ,1396.00000000 ,1367.00000000 ,1378.56000000 ,82291.32590000 ,1658858399999 ,113626050.33899900 ,82947 ,42024.94270000 ,58015631.32106000 
1658858400000 ,1378.55000000 ,1386.87000000 ,1356.86000000 ,1366.02000000 ,69836.57550000 ,1658865599999 ,95598654.86012400 ,86021 ,33264.77180000 ,45532999.94403700 
1658865600000 ,1366.09000000 ,1403.99000000 ,1356.17000000 ,1380.34000000 ,100452.21490000 ,1658872799999 ,138490428.18342000 ,109451 ,50438.48150000 ,69544115.14882700 
1658872800000 ,1380.34000000 ,1454.11000000 ,1378.29000000 ,1449.12000000 ,117392.56130000 ,1658879999999 ,166623464.08364700 ,120919 ,63238.12890000 ,89794676.16290200 
1658880000000 ,1449.12000000 ,1458.88000000 ,1431.57000000 ,1433.35000000 ,85003.39460000 ,1658887199999 ,122827129.90501900 ,91460 ,41467.04200000 ,59915719.64685100 
1658887200000 ,1433.34000000 ,1439.00000000 ,1420.83000000 ,1424.76000000 ,66526.15770000 ,1658894399999 ,95198018.68567700 ,64313 ,33842.06630000 ,48425781.75951500 
1658894400000 ,1424.75000000 ,1458.81000000 ,1422.53000000 ,1452.67000000 ,61196.10510000 ,1658901599999 ,88293120.15080200 ,62521 ,33710.93990000 ,48633603.72874600 
1658901600000 ,1452.67000000 ,1472.00000000 ,1444.89000000 ,1464.47000000 ,93339.68080000 ,1658908799999 ,136075281.49847700 ,81957 ,48761.93970000 ,71105633.19105200 
1658908800000 ,1464.47000000 ,1474.96000000 ,1455.40000000 ,1457.99000000 ,87381.10740000 ,1658915999999 ,128040367.50342500 ,72642 ,43165.02250000 ,63254282.47803400 
1658916000000 ,1457.98000000 ,1468.63000000 ,1446.93000000 ,1452.68000000 ,45275.85110000 ,1658923199999 ,66064443.81617500 ,52982 ,22571.31430000 ,32945472.49367300 
1658923200000 ,1452.68000000 ,1496.99000000 ,1444.91000000 ,1491.19000000 ,115569.92650000 ,1658930399999 ,170300321.15633500 ,119541 ,60968.05980000 ,89839667.73344200 
1658930400000 ,1491.19000000 ,1495.00000000 ,1482.51000000 ,1489.20000000 ,75691.35590000 ,1658937599999 ,112694763.90438500 ,80278 ,38482.59450000 ,57302455.84047800 
1658937600000 ,1489.20000000 ,1519.25000000 ,1477.40000000 ,1499.64000000 ,152211.83560000 ,1658944799999 ,228137265.78969200 ,164462 ,77501.31590000 ,116190971.33853600 
1658944800000 ,1499.65000000 ,1615.00000000 ,1499.52000000 ,1587.96000000 ,488274.62280000 ,1658951999999 ,765796981.12544900 ,462279 ,259377.33220000 ,406834494.45952900 
1658952000000 ,1587.96000000 ,1621.32000000 ,1585.00000000 ,1606.94000000 ,113509.16320000 ,1658959199999 ,181756186.64182400 ,144443 ,57798.23200000 ,92578612.08900600 
1658959200000 ,1606.94000000 ,1644.44000000 ,1606.93000000 ,1635.74000000 ,129446.84060000 ,1658966399999 ,210663937.63332200 ,150512 ,69312.64650000 ,112812523.06800900 
1658966400000 ,1635.74000000 ,1638.72000000 ,1605.29000000 ,1615.60000000 ,77751.26270000 ,1658973599999 ,125823874.90872500 ,119128 ,40735.25380000 ,65903739.61206200 
1658973600000 ,1615.60000000 ,1677.00000000 ,1609.21000000 ,1648.64000000 ,176482.11830000 ,1658980799999 ,291174328.65937200 ,161177 ,90154.36210000 ,148774711.63838100 
1658980800000 ,1648.64000000 ,1653.57000000 ,1627.36000000 ,1650.89000000 ,78325.73610000 ,1658987999999 ,128536771.39847100 ,82461 ,37918.58560000 ,62229373.20495600 
1658988000000 ,1650.89000000 ,1654.47000000 ,1614.00000000 ,1618.44000000 ,82786.24930000 ,1658995199999 ,135311676.90917000 ,88408 ,37057.83910000 ,60579239.93087900 
1658995200000 ,1618.44000000 ,1630.21000000 ,1601.23000000 ,1619.49000000 ,90930.40880000 ,1659002399999 ,147093903.64363900 ,92303 ,45948.76320000 ,74330428.23758500 
1659002400000 ,1619.49000000 ,1645.04000000 ,1617.10000000 ,1641.52000000 ,67843.13710000 ,1659009599999 ,110551823.56930800 ,80544 ,36525.84770000 ,59532034.24381800 
1659009600000 ,1641.52000000 ,1666.66000000 ,1593.27000000 ,1620.33000000 ,244779.54710000 ,1659016799999 ,399649030.17880500 ,263205 ,117304.53610000 ,191628706.75726200 
1659016800000 ,1620.33000000 ,1755.00000000 ,1612.51000000 ,1728.31000000 ,290273.01215000 ,1659023999999 ,490564845.16676600 ,300493 ,157459.70555000 ,265951201.79793100 
1659024000000 ,1728.32000000 ,1750.00000000 ,1714.71000000 ,1748.01000000 ,160287.44260000 ,1659031199999 ,277586367.19838000 ,181366 ,79545.14510000 ,137743468.40169400 
1659031200000 ,1748.00000000 ,1749.52000000 ,1713.35000000 ,1725.98000000 ,84265.54390000 ,1659038399999 ,145445644.38166700 ,102071 ,42692.91540000 ,73690395.75840000 
1659038400000 ,1725.98000000 ,1784.79000000 ,1725.09000000 ,1744.98000000 ,165436.58980000 ,1659045599999 ,290249427.60892300 ,168256 ,88390.89050000 ,155068005.64946600 
1659045600000 ,1744.98000000 ,1750.38000000 ,1712.61000000 ,1724.52000000 ,58984.02770000 ,1659052799999 ,102293130.68755500 ,79706 ,27936.01200000 ,48459426.28192700 
1659052800000 ,1724.52000000 ,1733.98000000 ,1696.00000000 ,1715.38000000 ,94394.40230000 ,1659059999999 ,161979149.67700400 ,114169 ,44331.88820000 ,76090846.51262100 
1659060000000 ,1715.39000000 ,1730.95000000 ,1703.52000000 ,1727.02000000 ,50345.76330000 ,1659067199999 ,86449325.72373600 ,68268 ,26117.36420000 ,44848308.71427100 
1659067200000 ,1727.02000000 ,1743.40000000 ,1719.58000000 ,1728.58000000 ,64005.49130000 ,1659074399999 ,110819973.30907700 ,79861 ,30959.75180000 ,53608053.57067700 
1659074400000 ,1728.58000000 ,1752.03000000 ,1706.14000000 ,1715.36000000 ,82525.35070000 ,1659081599999 ,142364202.26689900 ,101605 ,38664.02490000 ,66724077.53132100 
1659081600000 ,1715.35000000 ,1730.50000000 ,1692.64000000 ,1728.84000000 ,68047.53530000 ,1659088799999 ,116772495.14511100 ,94993 ,34892.22370000 ,59901503.88287100 
1659088800000 ,1728.83000000 ,1733.11000000 ,1664.27000000 ,1681.39000000 ,121228.19420000 ,1659095999999 ,205792997.96340600 ,129655 ,55720.39870000 ,94648854.47260100 
1659096000000 ,1681.40000000 ,1708.31000000 ,1655.02000000 ,1698.82000000 ,173685.74690000 ,1659103199999 ,291027761.33572300 ,189195 ,99199.04900000 ,166127745.38719000 
1659103200000 ,1698.81000000 ,1744.00000000 ,1695.66000000 ,1721.66000000 ,141738.98950000 ,1659110399999 ,244625695.73784400 ,164355 ,73968.10500000 ,127672184.33953900 
1659110400000 ,1721.66000000 ,1722.67000000 ,1663.44000000 ,1694.71000000 ,142893.24950000 ,1659117599999 ,240754272.57905700 ,169526 ,64620.91540000 ,108925336.50181000 
1659117600000 ,1694.70000000 ,1736.23000000 ,1691.50000000 ,1723.84000000 ,103334.13630000 ,1659124799999 ,177886708.22523800 ,111954 ,53600.38720000 ,92289914.61314100 
1659124800000 ,1723.83000000 ,1739.22000000 ,1703.01000000 ,1716.23000000 ,72865.45090000 ,1659131999999 ,125693831.08393900 ,88784 ,37675.95700000 ,64999039.48665900 
1659132000000 ,1716.23000000 ,1765.99000000 ,1710.46000000 ,1721.68000000 ,90202.26010000 ,1659139199999 ,157092394.17975300 ,127168 ,47500.61740000 ,82767825.64051400 
1659139200000 ,1721.68000000 ,1735.31000000 ,1686.84000000 ,1723.05000000 ,92867.00370000 ,1659146399999 ,159428078.82315100 ,110383 ,45315.44640000 ,77817955.97797000 
1659146400000 ,1723.04000000 ,1724.11000000 ,1697.45000000 ,1707.14000000 ,52266.61870000 ,1659153599999 ,89279378.74983400 ,71076 ,25797.47880000 ,44065365.31034900 
1659153600000 ,1707.15000000 ,1711.13000000 ,1688.69000000 ,1707.40000000 ,38156.75180000 ,1659160799999 ,64942906.47407000 ,51623 ,17961.38020000 ,30568291.55433000 
1659160800000 ,1707.41000000 ,1720.00000000 ,1702.62000000 ,1715.50000000 ,30298.39680000 ,1659167999999 ,51921931.32146700 ,46027 ,14919.33360000 ,25568747.58718100 
1659168000000 ,1715.50000000 ,1723.54000000 ,1696.00000000 ,1700.77000000 ,46674.09350000 ,1659175199999 ,79876478.64262100 ,61812 ,21996.76700000 ,37654892.12406100 
1659175200000 ,1700.77000000 ,1713.82000000 ,1678.25000000 ,1704.77000000 ,62165.76540000 ,1659182399999 ,105256688.15163400 ,103387 ,31665.58860000 ,53625068.24066000 
1659182400000 ,1704.77000000 ,1737.00000000 ,1696.01000000 ,1726.14000000 ,115279.71600000 ,1659189599999 ,198553397.28533800 ,134538 ,62486.62220000 ,107658633.71513000 
1659189600000 ,1726.14000000 ,1744.85000000 ,1713.00000000 ,1736.84000000 ,68499.30450000 ,1659196799999 ,118317340.84813000 ,105837 ,34497.83790000 ,59600272.65988500 
1659196800000 ,1736.84000000 ,1737.49000000 ,1719.00000000 ,1726.94000000 ,45100.64510000 ,1659203999999 ,77996663.99495900 ,75603 ,21981.27630000 ,38018828.30309100 
1659204000000 ,1726.94000000 ,1732.85000000 ,1689.07000000 ,1691.93000000 ,58736.11370000 ,1659211199999 ,100345099.51697100 ,84049 ,25609.48470000 ,43758267.69053700 
1659211200000 ,1691.92000000 ,1710.02000000 ,1686.00000000 ,1692.13000000 ,59532.63360000 ,1659218399999 ,101110222.59363500 ,90760 ,25929.62690000 ,44044146.17198200 
1659218400000 ,1692.13000000 ,1705.46000000 ,1673.01000000 ,1697.00000000 ,65555.48580000 ,1659225599999 ,110698782.26404400 ,93218 ,31612.33320000 ,53397055.87374600 
1659225600000 ,1697.00000000 ,1712.77000000 ,1686.40000000 ,1696.59000000 ,50950.76630000 ,1659232799999 ,86741280.88043400 ,70779 ,25303.60180000 ,43080445.45465500 
1659232800000 ,1696.60000000 ,1709.50000000 ,1687.93000000 ,1693.74000000 ,32390.13310000 ,1659239999999 ,54943511.52212900 ,48179 ,15830.39190000 ,26854410.06213300 
1659240000000 ,1693.75000000 ,1706.10000000 ,1689.36000000 ,1691.30000000 ,25440.07110000 ,1659247199999 ,43225613.75764500 ,41112 ,12542.44720000 ,21313162.18575600 
1659247200000 ,1691.30000000 ,1708.29000000 ,1690.73000000 ,1697.93000000 ,28327.32300000 ,1659254399999 ,48131756.76961700 ,41748 ,15123.76460000 ,25694882.94789100 
1659254400000 ,1697.93000000 ,1704.12000000 ,1686.06000000 ,1704.12000000 ,33828.65490000 ,1659261599999 ,57343790.38559600 ,52049 ,16170.39950000 ,27415426.77971800 
1659261600000 ,1704.11000000 ,1724.19000000 ,1697.30000000 ,1718.57000000 ,61496.42330000 ,1659268799999 ,105384370.16630100 ,82352 ,29740.77000000 ,50954698.06285800 
1659268800000 ,1718.56000000 ,1722.32000000 ,1703.77000000 ,1708.38000000 ,35524.54730000 ,1659275999999 ,60864841.19906400 ,57627 ,16877.35260000 ,28922837.51493600 
1659276000000 ,1708.38000000 ,1719.87000000 ,1692.42000000 ,1712.04000000 ,45908.79170000 ,1659283199999 ,78377896.05298400 ,68849 ,24120.35930000 ,41186771.13957000 
1659283200000 ,1712.05000000 ,1714.90000000 ,1702.54000000 ,1707.77000000 ,32087.47550000 ,1659290399999 ,54821784.66848000 ,53939 ,16053.16530000 ,27427473.37433000 
1659290400000 ,1707.77000000 ,1754.69000000 ,1687.01000000 ,1717.37000000 ,178246.90800000 ,1659297599999 ,306162171.45820500 ,197906 ,92957.50770000 ,159751212.01203200 
1659297600000 ,1717.37000000 ,1724.93000000 ,1700.46000000 ,1703.51000000 ,29618.29620000 ,1659304799999 ,50819565.55921500 ,50492 ,14157.04510000 ,24293084.89480100 
1659304800000 ,1703.50000000 ,1704.99000000 ,1666.00000000 ,1678.12000000 ,142507.41750000 ,1659311999999 ,239796955.70199500 ,121676 ,76906.54290000 ,129436892.76072200 
1659312000000 ,1678.12000000 ,1699.08000000 ,1672.63000000 ,1696.74000000 ,48735.49080000 ,1659319199999 ,82109268.00281500 ,61116 ,25003.39820000 ,42135207.31154000 
1659319200000 ,1696.74000000 ,1704.68000000 ,1682.36000000 ,1691.77000000 ,31446.31280000 ,1659326399999 ,53240617.54466100 ,45256 ,15512.70080000 ,26266478.17785300 
1659326400000 ,1691.78000000 ,1697.22000000 ,1684.17000000 ,1692.00000000 ,24648.41220000 ,1659333599999 ,41682930.73843900 ,37912 ,12232.04910000 ,20687299.61614700 
1659333600000 ,1691.99000000 ,1696.94000000 ,1672.79000000 ,1692.87000000 ,50273.30910000 ,1659340799999 ,84563270.05831500 ,63938 ,24705.54740000 ,41571655.38260900 
1659340800000 ,1692.88000000 ,1695.36000000 ,1681.55000000 ,1686.89000000 ,24691.92540000 ,1659347999999 ,41694904.01779700 ,43355 ,11567.92890000 ,19535237.69701000 
1659348000000 ,1686.90000000 ,1688.28000000 ,1641.09000000 ,1668.21000000 ,88209.92500000 ,1659355199999 ,146620072.78556900 ,104352 ,40033.84910000 ,66530122.72993200 
1659355200000 ,1668.21000000 ,1678.21000000 ,1636.47000000 ,1666.01000000 ,89889.22290000 ,1659362399999 ,148820288.95552600 ,112196 ,42982.27520000 ,71185275.63904700 
1659362400000 ,1666.02000000 ,1690.59000000 ,1663.57000000 ,1672.60000000 ,102771.93250000 ,1659369599999 ,172471683.81007600 ,121165 ,54244.39330000 ,91032876.17230500 
1659369600000 ,1672.59000000 ,1673.59000000 ,1623.51000000 ,1633.33000000 ,140011.37390000 ,1659376799999 ,230287318.93074800 ,172961 ,64302.34090000 ,105719791.34641100 
1659376800000 ,1633.32000000 ,1636.00000000 ,1615.99000000 ,1622.27000000 ,79587.52080000 ,1659383999999 ,129377837.26252900 ,99198 ,39849.44350000 ,64782433.90296900 
1659384000000 ,1622.28000000 ,1634.20000000 ,1609.00000000 ,1624.25000000 ,50693.09600000 ,1659391199999 ,82279746.43897800 ,73225 ,26550.41400000 ,43106376.24817100 
1659391200000 ,1624.25000000 ,1644.14000000 ,1606.12000000 ,1630.28000000 ,70608.04340000 ,1659398399999 ,114988270.41400100 ,94896 ,35790.74440000 ,58306313.95118000 
1659398400000 ,1630.28000000 ,1657.11000000 ,1600.00000000 ,1605.56000000 ,93969.19880000 ,1659405599999 ,153100497.42401300 ,117352 ,42092.53720000 ,68644891.35600400 
1659405600000 ,1605.57000000 ,1613.09000000 ,1568.35000000 ,1577.35000000 ,106225.38050000 ,1659412799999 ,168537533.02626100 ,127506 ,51027.73890000 ,80932331.90104600 
1659412800000 ,1577.30000000 ,1586.27000000 ,1566.17000000 ,1578.74000000 ,57769.33130000 ,1659419999999 ,91243819.67062400 ,82987 ,27670.71170000 ,43698915.53139300 
1659420000000 ,1578.74000000 ,1599.99000000 ,1573.11000000 ,1593.52000000 ,63502.33700000 ,1659427199999 ,100688435.64789700 ,93129 ,34202.30880000 ,54269212.16943500 
1659427200000 ,1593.52000000 ,1595.08000000 ,1559.28000000 ,1570.44000000 ,55820.78520000 ,1659434399999 ,88008111.07107100 ,85036 ,25050.62720000 ,39508450.56452400 
1659434400000 ,1570.44000000 ,1598.99000000 ,1562.31000000 ,1587.36000000 ,81353.59830000 ,1659441599999 ,128810897.82635200 ,107452 ,45750.25160000 ,72442397.22748700 
1659441600000 ,1587.36000000 ,1590.56000000 ,1564.17000000 ,1581.23000000 ,84462.98090000 ,1659448799999 ,133246771.13089000 ,117879 ,42614.45780000 ,67236952.36307500 
1659448800000 ,1581.22000000 ,1637.99000000 ,1566.66000000 ,1629.93000000 ,199506.14660000 ,1659455999999 ,320974043.48620100 ,245445 ,103520.50950000 ,166533049.47486900 
1659456000000 ,1629.92000000 ,1678.00000000 ,1626.43000000 ,1650.59000000 ,169247.13200000 ,1659463199999 ,281098265.11941900 ,209719 ,74999.24140000 ,124458025.59038700 
1659463200000 ,1650.59000000 ,1664.99000000 ,1622.02000000 ,1637.14000000 ,73840.87760000 ,1659470399999 ,121454664.17750200 ,109291 ,37471.03900000 ,61645700.55103500 
1659470400000 ,1637.14000000 ,1661.04000000 ,1632.95000000 ,1656.99000000 ,51232.12620000 ,1659477599999 ,84295319.99200500 ,88542 ,27977.36060000 ,46032473.93257900 
1659477600000 ,1656.99000000 ,1659.49000000 ,1628.20000000 ,1630.91000000 ,45034.61600000 ,1659484799999 ,74092052.42671000 ,74540 ,20935.08070000 ,34445887.22280000 
1659484800000 ,1630.91000000 ,1639.25000000 ,1589.71000000 ,1612.31000000 ,93440.90110000 ,1659491999999 ,150270486.01862300 ,130210 ,46717.81810000 ,75133249.73370700 
1659492000000 ,1612.30000000 ,1627.29000000 ,1599.96000000 ,1619.95000000 ,55605.30660000 ,1659499199999 ,89744313.67955900 ,86015 ,27942.95550000 ,45096276.76394200 
1659499200000 ,1619.95000000 ,1631.41000000 ,1613.20000000 ,1628.78000000 ,60211.29390000 ,1659506399999 ,97593810.31556700 ,80684 ,30790.27510000 ,49903148.57032600 
1659506400000 ,1628.79000000 ,1643.99000000 ,1626.01000000 ,1629.09000000 ,51062.39240000 ,1659513599999 ,83491754.60205000 ,83336 ,25189.79610000 ,41190160.49180500 
1659513600000 ,1629.08000000 ,1664.00000000 ,1628.66000000 ,1654.51000000 ,73274.27950000 ,1659520799999 ,120861151.30561500 ,107254 ,36901.83730000 ,60858262.53650600 
1659520800000 ,1654.50000000 ,1672.99000000 ,1651.90000000 ,1665.54000000 ,58806.33840000 ,1659527999999 ,97649403.98053400 ,90706 ,30616.54600000 ,50840337.81953600 
1659528000000 ,1665.55000000 ,1685.03000000 ,1650.00000000 ,1663.53000000 ,100856.38720000 ,1659535199999 ,167875438.60759700 ,129723 ,47951.69610000 ,79834995.27852500 
1659535200000 ,1663.53000000 ,1670.00000000 ,1645.30000000 ,1655.86000000 ,63585.32900000 ,1659542399999 ,105444816.69203800 ,94162 ,30708.95530000 ,50924687.02541600 
1659542400000 ,1655.87000000 ,1671.74000000 ,1647.24000000 ,1660.48000000 ,63218.10980000 ,1659549599999 ,105040030.43830100 ,84182 ,35324.85640000 ,58700869.91565400 
1659549600000 ,1660.47000000 ,1668.97000000 ,1650.00000000 ,1654.38000000 ,47446.12380000 ,1659556799999 ,78734899.28385400 ,68319 ,23872.63360000 ,39616624.65580300 
1659556800000 ,1654.38000000 ,1657.34000000 ,1632.00000000 ,1635.31000000 ,43131.52390000 ,1659563999999 ,70881388.36609700 ,65169 ,20830.97040000 ,34230646.35871800 
1659564000000 ,1635.31000000 ,1638.82000000 ,1607.42000000 ,1618.16000000 ,67086.75570000 ,1659571199999 ,108740973.73241900 ,92646 ,32610.39710000 ,52856102.74009600 
1659571200000 ,1618.16000000 ,1659.28000000 ,1615.57000000 ,1649.01000000 ,68352.38590000 ,1659578399999 ,112118252.61973200 ,92681 ,34719.56460000 ,56965790.31772200 
1659578400000 ,1649.00000000 ,1659.00000000 ,1643.43000000 ,1651.14000000 ,43260.32510000 ,1659585599999 ,71415641.80761800 ,69280 ,23249.97500000 ,38385237.02954000 
1659585600000 ,1651.15000000 ,1662.79000000 ,1648.00000000 ,1649.28000000 ,34338.41880000 ,1659592799999 ,56786101.82531700 ,57378 ,16766.59180000 ,27728920.09722900 
1659592800000 ,1649.28000000 ,1652.57000000 ,1615.15000000 ,1625.93000000 ,82264.48350000 ,1659599999999 ,133862951.55808300 ,98133 ,36135.42430000 ,58807946.75596100 
1659600000000 ,1625.92000000 ,1630.39000000 ,1611.85000000 ,1622.70000000 ,51641.70780000 ,1659607199999 ,83695043.35695700 ,70757 ,24635.07230000 ,39929502.28093300 
1659607200000 ,1622.71000000 ,1630.99000000 ,1606.27000000 ,1615.71000000 ,55668.07130000 ,1659614399999 ,90183050.13172200 ,83563 ,27385.87440000 ,44372937.76779500 
1659614400000 ,1615.72000000 ,1644.00000000 ,1606.70000000 ,1633.42000000 ,84681.26250000 ,1659621599999 ,137476058.33390900 ,115695 ,42622.15990000 ,69180128.12677900 
1659621600000 ,1633.42000000 ,1639.48000000 ,1596.84000000 ,1615.59000000 ,92543.04130000 ,1659628799999 ,149173104.52775100 ,132795 ,47092.17580000 ,75915002.94415700 
1659628800000 ,1615.60000000 ,1624.44000000 ,1580.39000000 ,1596.54000000 ,77315.16560000 ,1659635999999 ,123534020.97990500 ,109601 ,37808.21590000 ,60403903.20046800 
1659636000000 ,1596.53000000 ,1616.00000000 ,1582.80000000 ,1590.96000000 ,70636.76190000 ,1659643199999 ,112893194.93449500 ,103002 ,35518.11150000 ,56788029.81153100 
1659643200000 ,1590.97000000 ,1599.78000000 ,1584.37000000 ,1586.70000000 ,32102.49690000 ,1659650399999 ,51179891.24130900 ,54886 ,16931.15060000 ,26994678.68590500 
1659650400000 ,1586.71000000 ,1613.29000000 ,1581.09000000 ,1607.96000000 ,42748.06040000 ,1659657599999 ,68333193.83214800 ,63863 ,21627.58670000 ,34574312.10357300 
1659657600000 ,1607.97000000 ,1650.75000000 ,1605.64000000 ,1647.13000000 ,79534.89340000 ,1659664799999 ,129539746.87738000 ,88013 ,36826.11120000 ,59894088.33793800 
1659664800000 ,1647.13000000 ,1669.83000000 ,1647.00000000 ,1659.65000000 ,102387.27690000 ,1659671999999 ,169821872.08607200 ,134849 ,47918.78170000 ,79488222.28764700 
1659672000000 ,1659.66000000 ,1664.48000000 ,1646.63000000 ,1659.72000000 ,46821.42760000 ,1659679199999 ,77535517.06723800 ,71543 ,22949.22400000 ,38003766.43791300 
1659679200000 ,1659.73000000 ,1679.60000000 ,1658.00000000 ,1662.87000000 ,58844.35820000 ,1659686399999 ,98129176.94394300 ,81025 ,29285.79360000 ,48840410.35532900 
1659686400000 ,1662.87000000 ,1668.00000000 ,1652.13000000 ,1661.87000000 ,38891.19580000 ,1659693599999 ,64541231.11336600 ,62532 ,20663.69720000 ,34292333.85851400 
1659693600000 ,1661.87000000 ,1717.87000000 ,1659.01000000 ,1713.43000000 ,113318.20420000 ,1659700799999 ,191704847.12348400 ,137982 ,62925.08820000 ,106411168.76224800 
1659700800000 ,1713.43000000 ,1725.00000000 ,1660.01000000 ,1685.29000000 ,197913.02090000 ,1659707999999 ,334701510.87432000 ,302166 ,101263.09420000 ,171249631.44199100 
1659708000000 ,1685.28000000 ,1718.50000000 ,1668.00000000 ,1670.05000000 ,117160.24640000 ,1659715199999 ,198288842.31849400 ,152046 ,60825.41260000 ,103040487.32430600 
1659715200000 ,1670.06000000 ,1684.45000000 ,1656.77000000 ,1663.86000000 ,78295.69160000 ,1659722399999 ,130728223.48353800 ,107447 ,36326.44510000 ,60672127.08244500 
1659722400000 ,1663.78000000 ,1683.88000000 ,1661.28000000 ,1681.36000000 ,38276.23520000 ,1659729599999 ,63993049.72926000 ,68434 ,18676.15090000 ,31224447.89703500 
1659729600000 ,1681.35000000 ,1711.20000000 ,1666.34000000 ,1698.46000000 ,49749.07140000 ,1659736799999 ,84193665.59709400 ,82257 ,26075.47980000 ,44123030.48319000 
1659736800000 ,1698.46000000 ,1742.07000000 ,1698.45000000 ,1736.81000000 ,84654.84960000 ,1659743999999 ,145621009.09314200 ,116222 ,48367.90410000 ,83224874.10589800 
1659744000000 ,1736.81000000 ,1749.93000000 ,1726.81000000 ,1733.45000000 ,85780.76390000 ,1659751199999 ,149212397.37046600 ,138795 ,45578.02490000 ,79289864.02709200 
1659751200000 ,1733.45000000 ,1742.16000000 ,1725.87000000 ,1734.47000000 ,38832.11470000 ,1659758399999 ,67348232.92242400 ,67836 ,18425.02120000 ,31957405.00050900 
1659758400000 ,1734.47000000 ,1737.98000000 ,1715.55000000 ,1723.45000000 ,37790.12410000 ,1659765599999 ,65296592.11686700 ,62014 ,19030.46170000 ,32876063.56522400 
1659765600000 ,1723.46000000 ,1725.89000000 ,1713.99000000 ,1720.73000000 ,30165.89410000 ,1659772799999 ,51911716.23457900 ,44493 ,16163.31620000 ,27814349.60974400 
1659772800000 ,1720.73000000 ,1724.41000000 ,1702.62000000 ,1712.18000000 ,59237.51760000 ,1659779999999 ,101358019.26717400 ,70085 ,35117.50680000 ,60059767.87068600 
1659780000000 ,1712.17000000 ,1722.73000000 ,1711.90000000 ,1712.11000000 ,34383.87220000 ,1659787199999 ,59073178.55074200 ,47064 ,18111.76320000 ,31117724.78265600 
1659787200000 ,1712.10000000 ,1720.97000000 ,1708.54000000 ,1710.62000000 ,35834.88710000 ,1659794399999 ,61422483.30891100 ,48339 ,19802.85900000 ,33946879.42341000 
1659794400000 ,1710.62000000 ,1718.16000000 ,1706.60000000 ,1715.53000000 ,38583.37770000 ,1659801599999 ,66113698.93556800 ,44946 ,20339.22630000 ,34851764.10752900 
1659801600000 ,1715.53000000 ,1720.92000000 ,1685.26000000 ,1707.75000000 ,69953.20910000 ,1659808799999 ,119396916.62688000 ,84289 ,34108.09250000 ,58216266.61337900 
1659808800000 ,1707.76000000 ,1718.27000000 ,1701.10000000 ,1714.73000000 ,34928.14900000 ,1659815999999 ,59776666.39387900 ,46347 ,19225.05340000 ,32903664.02101400 
1659816000000 ,1714.73000000 ,1719.63000000 ,1707.19000000 ,1717.31000000 ,14975.85670000 ,1659823199999 ,25662656.73696200 ,33346 ,7525.31990000 ,12895463.71141600 
1659823200000 ,1717.31000000 ,1724.27000000 ,1687.29000000 ,1690.60000000 ,42848.87820000 ,1659830399999 ,72907322.52275700 ,65319 ,19817.20330000 ,33713098.88552400 
1659830400000 ,1690.60000000 ,1698.49000000 ,1668.00000000 ,1677.00000000 ,65580.85080000 ,1659837599999 ,110158858.16511300 ,94149 ,33065.00580000 ,55545643.76925800 
1659837600000 ,1677.01000000 ,1688.94000000 ,1673.94000000 ,1684.07000000 ,35602.86380000 ,1659844799999 ,59864850.67552500 ,60295 ,19007.93480000 ,31949301.07221600 
1659844800000 ,1684.07000000 ,1689.35000000 ,1672.71000000 ,1681.39000000 ,34221.76450000 ,1659851999999 ,57545887.59266500 ,53445 ,16637.40080000 ,27985156.07128100 
1659852000000 ,1681.39000000 ,1688.75000000 ,1679.93000000 ,1686.24000000 ,19487.53060000 ,1659859199999 ,32820245.89721100 ,38674 ,10969.66480000 ,18474324.33897500 
1659859200000 ,1686.23000000 ,1689.99000000 ,1673.02000000 ,1684.43000000 ,29355.21960000 ,1659866399999 ,49349695.19915500 ,47720 ,15964.17390000 ,26842905.88048300 
1659866400000 ,1684.43000000 ,1694.13000000 ,1680.62000000 ,1692.60000000 ,20921.63540000 ,1659873599999 ,35283213.27469400 ,44811 ,10463.99610000 ,17647717.09970700 
1659873600000 ,1692.59000000 ,1715.18000000 ,1691.16000000 ,1707.56000000 ,54339.41660000 ,1659880799999 ,92582182.31896200 ,90286 ,27980.22600000 ,47679081.56109300 
1659880800000 ,1707.56000000 ,1710.91000000 ,1693.97000000 ,1698.89000000 ,32768.86190000 ,1659887999999 ,55771445.63378800 ,52592 ,16331.72150000 ,27791804.61704200 
1659888000000 ,1698.89000000 ,1717.00000000 ,1695.18000000 ,1711.86000000 ,37307.55080000 ,1659895199999 ,63743756.83028900 ,57234 ,20603.63200000 ,35202071.02540000 
1659895200000 ,1711.87000000 ,1714.84000000 ,1704.02000000 ,1708.45000000 ,32163.66390000 ,1659902399999 ,54976392.91300500 ,40103 ,15485.37600000 ,26469198.23731000 
1659902400000 ,1708.44000000 ,1729.79000000 ,1707.89000000 ,1717.42000000 ,38048.20750000 ,1659909599999 ,65376656.26708100 ,54191 ,20933.98940000 ,35971943.53781700 
1659909600000 ,1717.42000000 ,1720.24000000 ,1690.00000000 ,1700.19000000 ,40107.19860000 ,1659916799999 ,68276966.61459900 ,58991 ,18777.02050000 ,31959884.32600000 
1659916800000 ,1700.20000000 ,1720.00000000 ,1693.87000000 ,1701.34000000 ,39959.93490000 ,1659923999999 ,68145339.79143800 ,58398 ,20256.70540000 ,34551179.58151100 
1659924000000 ,1701.34000000 ,1717.44000000 ,1700.00000000 ,1709.77000000 ,36043.89320000 ,1659931199999 ,61699735.51743600 ,49002 ,16883.28350000 ,28889685.29550500 
1659931200000 ,1709.76000000 ,1726.73000000 ,1708.30000000 ,1723.97000000 ,35330.14380000 ,1659938399999 ,60700296.35077900 ,46813 ,17908.16650000 ,30761748.56042900 
1659938400000 ,1723.96000000 ,1740.00000000 ,1723.96000000 ,1732.79000000 ,67412.84840000 ,1659945599999 ,116787740.04022600 ,82635 ,34497.04330000 ,59761832.13317300 
1659945600000 ,1732.78000000 ,1778.72000000 ,1728.28000000 ,1768.74000000 ,104856.43100000 ,1659952799999 ,184635579.02375700 ,134290 ,59262.94910000 ,104297316.27996300 
1659952800000 ,1768.74000000 ,1792.65000000 ,1764.51000000 ,1789.37000000 ,72107.80740000 ,1659959999999 ,128103363.58143600 ,92509 ,38402.39970000 ,68242215.58269700 
1659960000000 ,1789.37000000 ,1818.00000000 ,1785.18000000 ,1800.70000000 ,117716.19080000 ,1659967199999 ,212053641.66850200 ,143248 ,62984.98820000 ,113474294.82539000 
1659967200000 ,1800.69000000 ,1804.52000000 ,1767.00000000 ,1775.31000000 ,83296.07430000 ,1659974399999 ,148779929.84235500 ,105794 ,37598.29090000 ,67179997.40918400 
1659974400000 ,1775.31000000 ,1777.87000000 ,1755.60000000 ,1770.61000000 ,69826.75360000 ,1659981599999 ,123335374.21867300 ,81786 ,33973.12470000 ,60016839.17605400 
1659981600000 ,1770.60000000 ,1787.00000000 ,1761.79000000 ,1783.13000000 ,45148.01680000 ,1659988799999 ,80138647.21220900 ,59383 ,24539.58450000 ,43562478.22626900 
1659988800000 ,1783.12000000 ,1799.32000000 ,1765.29000000 ,1769.61000000 ,56295.08050000 ,1659995999999 ,100341820.47544700 ,69343 ,29968.39510000 ,53412674.51327100 
1659996000000 ,1769.61000000 ,1789.93000000 ,1757.99000000 ,1777.05000000 ,53627.36960000 ,1660003199999 ,95183677.98076300 ,64526 ,26871.64710000 ,47689309.24748800 
1660003200000 ,1777.05000000 ,1786.81000000 ,1761.44000000 ,1766.16000000 ,41376.56460000 ,1660010399999 ,73376783.44714500 ,58839 ,18807.39430000 ,33355649.70394600 
1660010400000 ,1766.16000000 ,1781.00000000 ,1761.59000000 ,1778.53000000 ,24016.74870000 ,1660017599999 ,42584435.16449800 ,41255 ,13033.01830000 ,23110035.28129500 
1660017600000 ,1778.53000000 ,1782.00000000 ,1773.33000000 ,1777.43000000 ,22274.04030000 ,1660024799999 ,39606279.46006100 ,40308 ,11203.73010000 ,19922251.39877200 
1660024800000 ,1777.43000000 ,1790.83000000 ,1766.71000000 ,1782.02000000 ,49298.34800000 ,1660031999999 ,87618998.46082300 ,73281 ,25532.30150000 ,45382207.86204500 
1660032000000 ,1782.01000000 ,1783.00000000 ,1733.00000000 ,1734.53000000 ,82317.58790000 ,1660039199999 ,144854089.91101800 ,95592 ,35178.45660000 ,61928320.83494700 
1660039200000 ,1734.60000000 ,1744.53000000 ,1692.20000000 ,1704.04000000 ,145553.76070000 ,1660046399999 ,250178498.03694400 ,184127 ,68477.52140000 ,117720174.38593100 
1660046400000 ,1704.04000000 ,1718.00000000 ,1683.11000000 ,1686.63000000 ,120395.45960000 ,1660053599999 ,205337783.92236200 ,134502 ,59784.67810000 ,101986519.87623100 
1660053600000 ,1686.62000000 ,1695.65000000 ,1667.93000000 ,1684.63000000 ,110804.72250000 ,1660060799999 ,186567810.66963700 ,138844 ,56882.69440000 ,95784071.74831100 
1660060800000 ,1684.64000000 ,1698.52000000 ,1674.58000000 ,1693.67000000 ,64930.17340000 ,1660067999999 ,109549872.60575000 ,88661 ,33100.92370000 ,55847687.77371300 
1660068000000 ,1693.67000000 ,1694.81000000 ,1681.10000000 ,1688.00000000 ,57837.46300000 ,1660075199999 ,97668299.06236800 ,62978 ,27721.68530000 ,46808475.75815400 
1660075200000 ,1688.01000000 ,1711.18000000 ,1687.40000000 ,1706.70000000 ,49183.92570000 ,1660082399999 ,83658353.18298200 ,78943 ,26560.10390000 ,45167908.93771500 
1660082400000 ,1706.69000000 ,1716.74000000 ,1697.01000000 ,1702.76000000 ,50182.30750000 ,1660089599999 ,85670613.16208500 ,64937 ,22192.54630000 ,37885572.43953700 
1660089600000 ,1702.76000000 ,1702.76000000 ,1656.78000000 ,1680.85000000 ,96694.57200000 ,1660096799999 ,162204675.94481900 ,106073 ,45485.06370000 ,76306940.75552700 
1660096800000 ,1680.85000000 ,1685.17000000 ,1667.00000000 ,1669.49000000 ,73961.43110000 ,1660103999999 ,123784652.02170800 ,75312 ,34186.56450000 ,57214872.50675400 
1660104000000 ,1669.50000000 ,1684.00000000 ,1667.33000000 ,1679.64000000 ,43539.81410000 ,1660111199999 ,73048520.26323600 ,65814 ,20289.59080000 ,34040318.22789500 
1660111200000 ,1679.64000000 ,1691.49000000 ,1672.29000000 ,1686.00000000 ,47457.83060000 ,1660118399999 ,79824104.85812200 ,71142 ,21380.55080000 ,35971483.49523900 
1660118400000 ,1686.01000000 ,1708.00000000 ,1684.22000000 ,1700.08000000 ,65564.90850000 ,1660125599999 ,111235109.26102000 ,106349 ,33178.12080000 ,56292446.73930400 
1660125600000 ,1700.07000000 ,1713.53000000 ,1689.41000000 ,1707.20000000 ,51203.70350000 ,1660132799999 ,87067657.44672500 ,76100 ,25626.15130000 ,43582390.09302900 
1660132800000 ,1707.20000000 ,1848.00000000 ,1703.60000000 ,1828.99000000 ,420513.07160000 ,1660139999999 ,755923468.47152700 ,465525 ,223562.66560000 ,401954962.92642400 
1660140000000 ,1829.00000000 ,1853.55000000 ,1820.04000000 ,1837.50000000 ,197676.25910000 ,1660147199999 ,363683469.34722600 ,187206 ,112607.29920000 ,207232734.92682600 
1660147200000 ,1837.49000000 ,1849.66000000 ,1822.20000000 ,1833.37000000 ,92853.15280000 ,1660154399999 ,170444915.06492800 ,131583 ,46249.39960000 ,84885659.71057000 
1660154400000 ,1833.38000000 ,1836.34000000 ,1804.08000000 ,1818.24000000 ,86511.97410000 ,1660161599999 ,157344997.58694400 ,107829 ,42336.79470000 ,77036428.91282800 
1660161600000 ,1818.24000000 ,1885.00000000 ,1817.72000000 ,1860.68000000 ,98137.31170000 ,1660168799999 ,181451313.51648300 ,136052 ,58608.07320000 ,108371667.28193100 
1660168800000 ,1860.69000000 ,1869.27000000 ,1845.70000000 ,1853.57000000 ,43653.48360000 ,1660175999999 ,80961931.28431800 ,61696 ,22122.61140000 ,41031712.38193200 
1660176000000 ,1853.58000000 ,1918.19000000 ,1850.32000000 ,1906.52000000 ,134677.91740000 ,1660183199999 ,253954795.56498400 ,154038 ,76072.73020000 ,143492240.84761900 
1660183200000 ,1906.52000000 ,1912.39000000 ,1864.02000000 ,1880.37000000 ,142374.68150000 ,1660190399999 ,267570120.34003300 ,124666 ,75033.10790000 ,140984353.80799900 
1660190400000 ,1880.38000000 ,1906.00000000 ,1879.06000000 ,1892.09000000 ,85939.23650000 ,1660197599999 ,162600164.86383300 ,89990 ,43468.23920000 ,82224123.91908400 
1660197600000 ,1892.09000000 ,1904.00000000 ,1870.00000000 ,1878.88000000 ,88749.97470000 ,1660204799999 ,167642746.16210900 ,120052 ,44598.58560000 ,84273257.17890200 
1660204800000 ,1878.87000000 ,1893.62000000 ,1873.72000000 ,1880.97000000 ,55135.88050000 ,1660211999999 ,103955014.18883300 ,69653 ,27626.22200000 ,52086844.26437100 
1660212000000 ,1880.97000000 ,1913.49000000 ,1876.01000000 ,1903.58000000 ,68699.07330000 ,1660219199999 ,130038032.33572200 ,88229 ,36252.37410000 ,68639722.92013600 
1660219200000 ,1903.58000000 ,1942.00000000 ,1896.85000000 ,1911.81000000 ,185908.36150000 ,1660226399999 ,356886323.23320500 ,214057 ,95647.05920000 ,183639836.75222100 
1660226400000 ,1911.81000000 ,1926.00000000 ,1883.78000000 ,1890.48000000 ,124011.29880000 ,1660233599999 ,235918355.65762700 ,154234 ,64355.95350000 ,122494663.99823200 
1660233600000 ,1890.48000000 ,1908.39000000 ,1884.84000000 ,1901.21000000 ,54849.48050000 ,1660240799999 ,104085589.54256800 ,81306 ,29374.15920000 ,55743077.31200700 
1660240800000 ,1901.22000000 ,1901.23000000 ,1875.56000000 ,1899.16000000 ,65983.27360000 ,1660247999999 ,124528324.66256000 ,86237 ,31413.65490000 ,59275589.41423700 
1660248000000 ,1899.16000000 ,1905.38000000 ,1884.68000000 ,1898.99000000 ,39792.64260000 ,1660255199999 ,75452840.10826500 ,61360 ,19239.22860000 ,36484222.29425200 
1660255200000 ,1898.98000000 ,1900.64000000 ,1867.27000000 ,1880.19000000 ,59140.08000000 ,1660262399999 ,111086658.14089300 ,81177 ,28162.57750000 ,52897830.27114600 
1660262400000 ,1880.19000000 ,1891.91000000 ,1857.67000000 ,1880.30000000 ,50787.00220000 ,1660269599999 ,95371107.24022500 ,78001 ,25091.08690000 ,47126819.45915100 
1660269600000 ,1880.31000000 ,1913.90000000 ,1871.01000000 ,1903.98000000 ,67591.54100000 ,1660276799999 ,128213522.06388900 ,86429 ,33762.10820000 ,64033099.21188000 
1660276800000 ,1903.99000000 ,1909.49000000 ,1888.00000000 ,1893.57000000 ,35956.98880000 ,1660283999999 ,68220969.39899200 ,62251 ,18444.28980000 ,34997686.78996200 
1660284000000 ,1893.56000000 ,1896.84000000 ,1882.56000000 ,1888.44000000 ,35815.02560000 ,1660291199999 ,67619113.46440300 ,65196 ,17611.00160000 ,33249436.52840100 
1660291200000 ,1888.44000000 ,1904.54000000 ,1884.03000000 ,1892.99000000 ,42870.50480000 ,1660298399999 ,81224937.68835800 ,70383 ,21886.12080000 ,41474834.66702800 
1660298400000 ,1892.99000000 ,1894.98000000 ,1853.06000000 ,1868.61000000 ,87187.58930000 ,1660305599999 ,163429108.87341600 ,112850 ,40956.22650000 ,76795373.83672100 
1660305600000 ,1868.61000000 ,1893.58000000 ,1867.40000000 ,1883.72000000 ,61684.98470000 ,1660312799999 ,115942324.60363500 ,94814 ,30920.20820000 ,58120963.30661200 
1660312800000 ,1883.71000000 ,1903.79000000 ,1870.30000000 ,1897.69000000 ,61482.17900000 ,1660319999999 ,116040869.68564900 ,93821 ,31243.86760000 ,58984957.13616500 
1660320000000 ,1897.68000000 ,1907.22000000 ,1891.00000000 ,1899.00000000 ,44402.59020000 ,1660327199999 ,84294830.09722900 ,71596 ,22552.87950000 ,42818698.93043300 
1660327200000 ,1899.00000000 ,1931.19000000 ,1896.50000000 ,1926.21000000 ,78837.52930000 ,1660334399999 ,151105307.80634700 ,111531 ,42988.59460000 ,82403317.97900300 
1660334400000 ,1926.21000000 ,1936.90000000 ,1916.67000000 ,1922.72000000 ,57079.62670000 ,1660341599999 ,109873088.24330000 ,66330 ,27922.74920000 ,53754449.70989900 
1660341600000 ,1922.71000000 ,1964.71000000 ,1918.00000000 ,1958.28000000 ,93932.53990000 ,1660348799999 ,182559971.64467000 ,113976 ,52555.88410000 ,102143829.81791200 
1660348800000 ,1958.28000000 ,1972.00000000 ,1946.50000000 ,1963.86000000 ,73415.21240000 ,1660355999999 ,143906922.41893800 ,97928 ,37782.96450000 ,74084784.30942500 
1660356000000 ,1963.87000000 ,1998.88000000 ,1960.23000000 ,1996.57000000 ,78316.04680000 ,1660363199999 ,154767029.13815200 ,115967 ,43963.99640000 ,86909727.04850700 
1660363200000 ,1996.57000000 ,2009.80000000 ,1986.05000000 ,1994.06000000 ,78053.88350000 ,1660370399999 ,155743394.07238000 ,103823 ,43208.85590000 ,86239131.01143300 
1660370400000 ,1994.06000000 ,2020.00000000 ,1994.05000000 ,1995.78000000 ,86197.01040000 ,1660377599999 ,173092730.77555300 ,111467 ,42154.99070000 ,84656592.03270500 
1660377600000 ,1995.78000000 ,2007.64000000 ,1981.40000000 ,2002.01000000 ,69542.22430000 ,1660384799999 ,138784156.19339900 ,84593 ,35645.14870000 ,71171145.71654800 
1660384800000 ,2002.00000000 ,2002.41000000 ,1973.21000000 ,1985.99000000 ,49468.50910000 ,1660391999999 ,98398277.68846200 ,71162 ,19589.16000000 ,38976233.59576900 
1660392000000 ,1986.00000000 ,1989.00000000 ,1961.99000000 ,1978.14000000 ,58810.91310000 ,1660399199999 ,116287695.68246200 ,70554 ,30139.36350000 ,59608757.27219900 
1660399200000 ,1978.14000000 ,1995.00000000 ,1974.69000000 ,1988.51000000 ,44982.50980000 ,1660406399999 ,89246571.55405000 ,60559 ,25245.13990000 ,50095722.55066600 
1660406400000 ,1988.51000000 ,2000.94000000 ,1984.05000000 ,1999.68000000 ,37957.20020000 ,1660413599999 ,75619581.63631400 ,61068 ,20282.85720000 ,40415000.24234600 
1660413600000 ,1999.67000000 ,2004.27000000 ,1972.24000000 ,1975.62000000 ,62337.47530000 ,1660420799999 ,123728152.86537500 ,67351 ,32230.11300000 ,63982863.85608000 
1660420800000 ,1975.63000000 ,1994.80000000 ,1967.61000000 ,1987.01000000 ,32109.90420000 ,1660427999999 ,63722875.70642200 ,51828 ,16487.41610000 ,32717341.49603500 
1660428000000 ,1987.01000000 ,1991.90000000 ,1974.69000000 ,1983.55000000 ,24685.14020000 ,1660435199999 ,48937966.56098400 ,44569 ,12622.46530000 ,25022775.98108300 
1660435200000 ,1983.55000000 ,1996.00000000 ,1970.96000000 ,1988.14000000 ,37924.24680000 ,1660442399999 ,75262753.81844500 ,57540 ,19789.60170000 ,39276669.97749000 
1660442400000 ,1988.14000000 ,1990.84000000 ,1982.11000000 ,1985.82000000 ,19315.55100000 ,1660449599999 ,38379541.70405700 ,41161 ,9454.35770000 ,18785315.98842800 
1660449600000 ,1985.83000000 ,1999.46000000 ,1981.00000000 ,1992.61000000 ,28214.80280000 ,1660456799999 ,56168095.38110600 ,47058 ,14018.21860000 ,27907845.13084200 
1660456800000 ,1992.61000000 ,2030.00000000 ,1989.01000000 ,2016.75000000 ,70175.95860000 ,1660463999999 ,140908176.49913300 ,90897 ,37858.87020000 ,76024956.51459800 
1660464000000 ,2016.75000000 ,2017.41000000 ,1994.38000000 ,2008.67000000 ,50250.15910000 ,1660471199999 ,100817039.57835200 ,78402 ,26262.86190000 ,52689383.05336100 
1660471200000 ,2008.67000000 ,2009.09000000 ,1981.00000000 ,1990.15000000 ,36091.45700000 ,1660478399999 ,72026569.10390400 ,61257 ,17004.52190000 ,33932323.00866100 
1660478400000 ,1990.16000000 ,1991.64000000 ,1970.13000000 ,1976.98000000 ,57281.31700000 ,1660485599999 ,113477551.90909800 ,74091 ,29274.03020000 ,58009774.55776000 
1660485600000 ,1976.98000000 ,1986.51000000 ,1974.85000000 ,1984.17000000 ,25149.85560000 ,1660492799999 ,49848498.64079500 ,49712 ,12019.90560000 ,23825170.94132300 
1660492800000 ,1984.18000000 ,1984.81000000 ,1921.10000000 ,1922.42000000 ,111184.42350000 ,1660499999999 ,216328023.81318700 ,138471 ,53377.25310000 ,103806400.15161200 
1660500000000 ,1922.43000000 ,1935.21000000 ,1906.00000000 ,1931.42000000 ,50543.47660000 ,1660507199999 ,97237965.78263500 ,80507 ,24066.37590000 ,46305335.13425800 
1660507200000 ,1931.42000000 ,1960.23000000 ,1928.75000000 ,1948.35000000 ,34858.97320000 ,1660514399999 ,67771445.88280600 ,67913 ,18815.14970000 ,36577433.66682400 
1660514400000 ,1948.35000000 ,1949.62000000 ,1917.00000000 ,1935.31000000 ,48593.26400000 ,1660521599999 ,93961219.11043300 ,69758 ,23037.66430000 ,44547279.25914700 
1660521600000 ,1935.32000000 ,1975.74000000 ,1923.00000000 ,1973.83000000 ,64188.81550000 ,1660528799999 ,125372486.47624100 ,93234 ,34270.89610000 ,66948588.33123900 
1660528800000 ,1973.83000000 ,2012.47000000 ,1969.41000000 ,1986.33000000 ,107258.98610000 ,1660535999999 ,213735045.82141100 ,150956 ,53117.07100000 ,105879777.63088400 
1660536000000 ,1986.33000000 ,1992.81000000 ,1963.39000000 ,1969.86000000 ,56471.90290000 ,1660543199999 ,111676248.82936800 ,86228 ,28769.55740000 ,56896215.19950000 
1660543200000 ,1969.86000000 ,1970.43000000 ,1884.46000000 ,1899.87000000 ,187436.25380000 ,1660550399999 ,358467190.18514400 ,217715 ,90551.04730000 ,173134519.82680800 
1660550400000 ,1899.88000000 ,1910.70000000 ,1875.01000000 ,1910.02000000 ,90361.99020000 ,1660557599999 ,171372274.92682800 ,126251 ,45840.81630000 ,86974055.91701200 
1660557600000 ,1910.01000000 ,1913.10000000 ,1885.64000000 ,1891.23000000 ,60077.60400000 ,1660564799999 ,114231854.90904700 ,88876 ,29798.02110000 ,56667965.89520900 
1660564800000 ,1891.23000000 ,1922.00000000 ,1872.31000000 ,1916.40000000 ,95116.17790000 ,1660571999999 ,180371240.62589000 ,131671 ,47606.05790000 ,90333602.53721800 
1660572000000 ,1916.40000000 ,1921.98000000 ,1893.02000000 ,1917.70000000 ,78865.89780000 ,1660579199999 ,150414593.02020400 ,95713 ,37613.60730000 ,71744788.40985400 
1660579200000 ,1917.71000000 ,1933.42000000 ,1897.78000000 ,1903.23000000 ,60611.35300000 ,1660586399999 ,116118751.60305300 ,87743 ,29875.92360000 ,57239302.69610800 
1660586400000 ,1903.23000000 ,1906.50000000 ,1885.01000000 ,1889.57000000 ,48542.45460000 ,1660593599999 ,92007526.09541900 ,72942 ,23750.82940000 ,45014015.25410100 
1660593600000 ,1889.57000000 ,1917.65000000 ,1888.14000000 ,1903.50000000 ,36532.79130000 ,1660600799999 ,69529263.51489600 ,59218 ,18115.13020000 ,34475467.47409800 
1660600800000 ,1903.49000000 ,1917.70000000 ,1875.50000000 ,1899.06000000 ,63698.10340000 ,1660607999999 ,120906615.98816600 ,85068 ,31642.57530000 ,60080997.49130400 
1660608000000 ,1899.05000000 ,1914.95000000 ,1880.53000000 ,1898.75000000 ,59691.07180000 ,1660615199999 ,113305398.46592100 ,78891 ,28547.00460000 ,54199331.27475700 
1660615200000 ,1898.75000000 ,1908.39000000 ,1861.15000000 ,1887.71000000 ,69619.18730000 ,1660622399999 ,131065707.14873300 ,98208 ,32404.54880000 ,61013207.98204400 
1660622400000 ,1887.71000000 ,1893.38000000 ,1856.98000000 ,1870.94000000 ,57483.65470000 ,1660629599999 ,107496845.23358700 ,75825 ,26859.16030000 ,50248008.22615800 
1660629600000 ,1870.93000000 ,1886.74000000 ,1868.76000000 ,1886.59000000 ,34915.17010000 ,1660636799999 ,65613378.10790900 ,57664 ,17924.56540000 ,33684182.96008700 
1660636800000 ,1886.58000000 ,1898.33000000 ,1874.45000000 ,1893.47000000 ,44015.16200000 ,1660643999999 ,83031746.72468600 ,66763 ,23719.94660000 ,44739104.78162700 
1660644000000 ,1893.47000000 ,1915.00000000 ,1887.07000000 ,1906.64000000 ,51739.04290000 ,1660651199999 ,98403102.51365400 ,74873 ,27082.02370000 ,51498348.93315000 
1660651200000 ,1906.64000000 ,1914.97000000 ,1875.01000000 ,1881.43000000 ,64819.06690000 ,1660658399999 ,122739270.07198800 ,98967 ,29953.63600000 ,56742503.23360800 
1660658400000 ,1881.43000000 ,1890.62000000 ,1863.34000000 ,1887.38000000 ,71388.69270000 ,1660665599999 ,134052125.34431700 ,104175 ,35715.77820000 ,67064720.07549900 
1660665600000 ,1887.38000000 ,1889.45000000 ,1865.06000000 ,1878.18000000 ,48312.47960000 ,1660672799999 ,90765767.92122700 ,73875 ,24090.03700000 ,45261046.67618500 
1660672800000 ,1878.18000000 ,1897.96000000 ,1853.00000000 ,1879.34000000 ,69166.04730000 ,1660679999999 ,129709557.58713500 ,93949 ,33621.06440000 ,63098725.73263100 
1660680000000 ,1879.33000000 ,1886.89000000 ,1873.09000000 ,1879.76000000 ,24318.65380000 ,1660687199999 ,45741052.98659200 ,41656 ,12464.04570000 ,23445341.58803400 
1660687200000 ,1879.75000000 ,1881.00000000 ,1866.60000000 ,1876.67000000 ,27260.92080000 ,1660694399999 ,51089891.23229900 ,43732 ,13579.24500000 ,25449039.20320500 
1660694400000 ,1876.67000000 ,1899.61000000 ,1874.85000000 ,1887.18000000 ,55473.08480000 ,1660701599999 ,104838472.58491300 ,70465 ,27238.11330000 ,51469211.50364200 
1660701600000 ,1887.18000000 ,1904.71000000 ,1881.44000000 ,1896.00000000 ,49104.27170000 ,1660708799999 ,93101955.89538000 ,62788 ,23366.96360000 ,44299713.28352500 
1660708800000 ,1895.99000000 ,1925.82000000 ,1895.28000000 ,1924.59000000 ,57491.51710000 ,1660715999999 ,109883875.44349700 ,66047 ,27878.78040000 ,53263362.91236500 
1660716000000 ,1924.59000000 ,1959.43000000 ,1888.37000000 ,1890.39000000 ,160075.19680000 ,1660723199999 ,308489591.74694800 ,165984 ,83389.15280000 ,160705845.47277900 
1660723200000 ,1890.38000000 ,1902.60000000 ,1879.50000000 ,1890.13000000 ,52308.81920000 ,1660730399999 ,98843143.95375500 ,79050 ,25348.86580000 ,47908837.88120000 
1660730400000 ,1890.14000000 ,1890.32000000 ,1869.06000000 ,1876.85000000 ,50037.41760000 ,1660737599999 ,93953650.25970700 ,80251 ,23174.31940000 ,43514122.74478800 
1660737600000 ,1876.85000000 ,1886.46000000 ,1818.74000000 ,1834.48000000 ,157473.87980000 ,1660744799999 ,291689426.78012400 ,182930 ,73737.13830000 ,136623783.86097700 
1660744800000 ,1834.49000000 ,1841.25000000 ,1820.00000000 ,1830.92000000 ,108188.41090000 ,1660751999999 ,198044531.01297100 ,121164 ,56788.46620000 ,103957699.93263700 
1660752000000 ,1830.92000000 ,1853.52000000 ,1824.00000000 ,1851.54000000 ,63251.63360000 ,1660759199999 ,116179192.15908500 ,81250 ,33185.34770000 ,60961473.51919900 
1660759200000 ,1851.53000000 ,1870.69000000 ,1831.11000000 ,1838.51000000 ,120169.23210000 ,1660766399999 ,222177913.15829800 ,154276 ,57699.14630000 ,106710225.70469400 
1660766400000 ,1838.51000000 ,1853.98000000 ,1828.21000000 ,1840.05000000 ,42945.61230000 ,1660773599999 ,79126272.21230200 ,63041 ,22019.34740000 ,40574388.06118300 
1660773600000 ,1840.06000000 ,1840.06000000 ,1824.15000000 ,1834.25000000 ,35305.82160000 ,1660780799999 ,64705478.21644600 ,51812 ,16638.45950000 ,30493621.55406500 
1660780800000 ,1834.24000000 ,1863.97000000 ,1821.25000000 ,1856.80000000 ,61578.27980000 ,1660787999999 ,113498231.21643900 ,77609 ,31190.54210000 ,57507699.90560400 
1660788000000 ,1856.80000000 ,1865.63000000 ,1844.45000000 ,1848.65000000 ,34085.35790000 ,1660795199999 ,63155258.30682900 ,53940 ,16015.19400000 ,29675566.05664500 
1660795200000 ,1848.65000000 ,1853.00000000 ,1838.14000000 ,1843.95000000 ,26083.25680000 ,1660802399999 ,48189297.04958100 ,41972 ,13144.62440000 ,24287800.31420300 
1660802400000 ,1843.96000000 ,1852.77000000 ,1836.22000000 ,1845.01000000 ,28374.73250000 ,1660809599999 ,52321851.19522000 ,54811 ,14488.30610000 ,26714230.38993200 
1660809600000 ,1845.01000000 ,1857.50000000 ,1834.62000000 ,1856.24000000 ,35100.49540000 ,1660816799999 ,64810982.55912700 ,56412 ,16776.97440000 ,30984996.68460600 
1660816800000 ,1856.25000000 ,1866.54000000 ,1845.35000000 ,1859.49000000 ,45216.71110000 ,1660823999999 ,83905870.55538300 ,63976 ,23929.30150000 ,44405730.22572500 
1660824000000 ,1859.49000000 ,1882.37000000 ,1851.41000000 ,1855.00000000 ,98156.33150000 ,1660831199999 ,183182658.00063800 ,118943 ,47106.03100000 ,87906808.25326000 
1660831200000 ,1854.99000000 ,1877.99000000 ,1848.99000000 ,1873.11000000 ,69427.69530000 ,1660838399999 ,129446172.40246000 ,98427 ,35658.71070000 ,66490669.31959900 
1660838400000 ,1873.12000000 ,1879.00000000 ,1856.01000000 ,1860.84000000 ,60111.44370000 ,1660845599999 ,112322280.07172100 ,84441 ,29336.58910000 ,54827995.61809600 
1660845600000 ,1860.84000000 ,1877.58000000 ,1859.01000000 ,1870.43000000 ,52326.84620000 ,1660852799999 ,97823014.71464600 ,67088 ,24222.44770000 ,45279853.08235100 
1660852800000 ,1870.42000000 ,1879.73000000 ,1867.05000000 ,1869.07000000 ,27318.79240000 ,1660859999999 ,51189075.76667400 ,42890 ,14396.67720000 ,26976235.83176300 
1660860000000 ,1869.07000000 ,1872.91000000 ,1838.00000000 ,1846.39000000 ,68474.08140000 ,1660867199999 ,127000207.76902800 ,88297 ,30198.87560000 ,56034548.68232900 
1660867200000 ,1846.39000000 ,1848.00000000 ,1806.16000000 ,1816.18000000 ,133093.24010000 ,1660874399999 ,242389358.74651700 ,174429 ,63561.79320000 ,115757300.59498900 
1660874400000 ,1816.19000000 ,1828.50000000 ,1811.04000000 ,1818.02000000 ,62544.08760000 ,1660881599999 ,113907216.40837500 ,78262 ,32888.79180000 ,59892558.79896600 
1660881600000 ,1818.02000000 ,1825.26000000 ,1809.87000000 ,1816.85000000 ,41299.63440000 ,1660888799999 ,75130526.96456800 ,54030 ,18325.23960000 ,33336690.37808000 
1660888800000 ,1816.85000000 ,1817.50000000 ,1723.00000000 ,1744.63000000 ,235979.06340000 ,1660895999999 ,415265336.36226800 ,270433 ,108122.52290000 ,190220955.24272800 
1660896000000 ,1744.63000000 ,1745.00000000 ,1721.36000000 ,1737.31000000 ,115298.91440000 ,1660903199999 ,199972345.73287200 ,135354 ,56132.88780000 ,97365383.10087800 
1660903200000 ,1737.31000000 ,1742.85000000 ,1683.00000000 ,1707.73000000 ,168831.52960000 ,1660910399999 ,289165298.01985700 ,176935 ,76392.96590000 ,130855441.36577900 
1660910400000 ,1707.72000000 ,1707.91000000 ,1675.30000000 ,1690.32000000 ,121269.27130000 ,1660917599999 ,205647572.11976000 ,144504 ,56693.31230000 ,96167300.11139800 
1660917600000 ,1690.31000000 ,1704.76000000 ,1686.05000000 ,1698.17000000 ,83971.20350000 ,1660924799999 ,142300377.31046000 ,103881 ,42295.66960000 ,71667642.42932200 
1660924800000 ,1698.17000000 ,1726.49000000 ,1694.16000000 ,1706.17000000 ,102494.52670000 ,1660931999999 ,175654030.82170500 ,133468 ,50919.96670000 ,87243566.88766600 
1660932000000 ,1706.17000000 ,1711.87000000 ,1680.80000000 ,1701.18000000 ,87834.57470000 ,1660939199999 ,149201967.40139200 ,96593 ,41797.14830000 ,71005854.88373000 
1660939200000 ,1701.18000000 ,1706.39000000 ,1630.00000000 ,1648.10000000 ,91062.08090000 ,1660946399999 ,152064290.97970000 ,121604 ,40766.38580000 ,68153802.29101400 
1660946400000 ,1648.09000000 ,1665.86000000 ,1602.37000000 ,1609.01000000 ,176148.82490000 ,1660953599999 ,286449652.13841700 ,191763 ,87375.60940000 ,142071125.59368500 
1660953600000 ,1609.00000000 ,1640.00000000 ,1607.89000000 ,1617.42000000 ,96672.37170000 ,1660960799999 ,157034731.22940000 ,114807 ,48124.45770000 ,78180110.43449300 
1660960800000 ,1617.43000000 ,1636.53000000 ,1616.96000000 ,1627.65000000 ,81016.06240000 ,1660967999999 ,131884678.39306400 ,81921 ,40586.82180000 ,66060498.09377900 
1660968000000 ,1627.65000000 ,1657.08000000 ,1625.34000000 ,1634.91000000 ,68879.33650000 ,1660975199999 ,112860225.85491500 ,79657 ,38886.63900000 ,63737623.15751800 
1660975200000 ,1634.90000000 ,1657.01000000 ,1632.41000000 ,1647.76000000 ,56721.79350000 ,1660982399999 ,93303609.39018200 ,80560 ,28957.78730000 ,47634036.43934700 
1660982400000 ,1647.75000000 ,1649.82000000 ,1628.00000000 ,1635.17000000 ,39162.73980000 ,1660989599999 ,64178774.59330200 ,64597 ,19470.60050000 ,31908459.25835800 
1660989600000 ,1635.17000000 ,1637.46000000 ,1617.99000000 ,1631.00000000 ,44996.79280000 ,1660996799999 ,73316256.99354600 ,62625 ,20973.27580000 ,34176234.86906900 
1660996800000 ,1631.01000000 ,1639.62000000 ,1624.19000000 ,1636.27000000 ,45929.36080000 ,1661003999999 ,74863950.58129300 ,65684 ,21894.60560000 ,35692580.19237800 
1661004000000 ,1636.26000000 ,1644.04000000 ,1625.51000000 ,1634.69000000 ,36167.09450000 ,1661011199999 ,59109345.02478800 ,57803 ,17873.10840000 ,29215170.01910800 
1661011200000 ,1634.70000000 ,1639.43000000 ,1606.29000000 ,1616.58000000 ,67305.87500000 ,1661018399999 ,109159516.62899600 ,86505 ,32065.09390000 ,52015152.19592800 
1661018400000 ,1616.57000000 ,1622.23000000 ,1555.00000000 ,1564.23000000 ,167981.73340000 ,1661025599999 ,265693749.49801600 ,184379 ,79466.14750000 ,125632934.90694800 
1661025600000 ,1564.23000000 ,1583.58000000 ,1523.67000000 ,1569.15000000 ,141823.35510000 ,1661032799999 ,220202429.97863900 ,169323 ,70552.89130000 ,109633133.31181700 
1661032800000 ,1569.15000000 ,1588.80000000 ,1565.25000000 ,1576.04000000 ,67959.40710000 ,1661039999999 ,107063872.92398100 ,83130 ,35415.68170000 ,55792698.91904100 
1661040000000 ,1576.03000000 ,1597.99000000 ,1573.19000000 ,1594.49000000 ,76463.00320000 ,1661047199999 ,121304030.85522000 ,84622 ,35928.11690000 ,56985807.04653700 
1661047200000 ,1594.49000000 ,1604.23000000 ,1581.13000000 ,1585.57000000 ,48242.31040000 ,1661054399999 ,76785912.53217600 ,67370 ,23462.61770000 ,37345464.48341600 
1661054400000 ,1585.56000000 ,1595.41000000 ,1576.89000000 ,1586.92000000 ,37933.27050000 ,1661061599999 ,60116908.31226200 ,53326 ,18920.36920000 ,29988511.39487100 
1661061600000 ,1586.91000000 ,1588.47000000 ,1562.34000000 ,1585.45000000 ,58055.98900000 ,1661068799999 ,91482241.62299400 ,72614 ,27544.52420000 ,43411013.33231900 
1661068800000 ,1585.45000000 ,1625.11000000 ,1584.87000000 ,1617.13000000 ,130594.70850000 ,1661075999999 ,209768217.67646000 ,133299 ,73945.32690000 ,118751009.77907200 
1661076000000 ,1617.13000000 ,1629.99000000 ,1611.02000000 ,1626.75000000 ,60396.25050000 ,1661083199999 ,97935651.85481200 ,83846 ,30900.21170000 ,50110928.99626300 
1661083200000 ,1626.76000000 ,1640.80000000 ,1611.01000000 ,1612.15000000 ,64064.98000000 ,1661090399999 ,104169470.12091600 ,91361 ,30359.18370000 ,49369223.91399100 
1661090400000 ,1612.16000000 ,1623.56000000 ,1600.40000000 ,1621.12000000 ,48855.92340000 ,1661097599999 ,78870154.96536600 ,80044 ,23479.52450000 ,37908850.22781700 
1661097600000 ,1621.11000000 ,1635.00000000 ,1609.90000000 ,1620.76000000 ,44708.03880000 ,1661104799999 ,72597918.33875200 ,67507 ,22900.89480000 ,37194484.51456000 
1661104800000 ,1620.76000000 ,1628.64000000 ,1612.85000000 ,1624.18000000 ,36001.60840000 ,1661111999999 ,58365667.39417100 ,49982 ,19787.45860000 ,32079410.10126000 
1661112000000 ,1624.17000000 ,1646.52000000 ,1613.37000000 ,1621.69000000 ,76609.00570000 ,1661119199999 ,124703706.09105500 ,94841 ,39220.25960000 ,63858118.05809400 
1661119200000 ,1621.69000000 ,1631.61000000 ,1580.60000000 ,1625.26000000 ,92298.42480000 ,1661126399999 ,148508752.63681100 ,113251 ,46958.87350000 ,75571576.16783000 
